spark_version,drift_case,axis,position,predicate,owner,direction,verdict
4.2.0,field_set_remove_root,field_set,Root,spark_equals,Spark,DriftedAsFound,ReportsDifferent
4.2.0,field_set_remove_root,field_set,Root,spark_equals,Spark,BaselineAsFound,ReportsDifferent
4.2.0,field_set_remove_root,field_set,Root,spark_same_type,Spark,DriftedAsFound,ReportsDifferent
4.2.0,field_set_remove_root,field_set,Root,spark_same_type,Spark,BaselineAsFound,ReportsDifferent
4.2.0,field_set_remove_root,field_set,Root,spark_equals_ignore_nullability,Spark,DriftedAsFound,ReportsDifferent
4.2.0,field_set_remove_root,field_set,Root,spark_equals_ignore_nullability,Spark,BaselineAsFound,ReportsDifferent
4.2.0,field_set_remove_root,field_set,Root,spark_equals_ignore_case_and_nullability,Spark,DriftedAsFound,ReportsDifferent
4.2.0,field_set_remove_root,field_set,Root,spark_equals_ignore_case_and_nullability,Spark,BaselineAsFound,ReportsDifferent
4.2.0,field_set_remove_root,field_set,Root,spark_equals_ignore_compatible_nullability,Spark,DriftedAsFound,ReportsDifferent
4.2.0,field_set_remove_root,field_set,Root,spark_equals_ignore_compatible_nullability,Spark,BaselineAsFound,ReportsDifferent
4.2.0,field_set_remove_root,field_set,Root,spark_equals_ignore_name_and_compatible_nullability,Spark,DriftedAsFound,ReportsDifferent
4.2.0,field_set_remove_root,field_set,Root,spark_equals_ignore_name_and_compatible_nullability,Spark,BaselineAsFound,ReportsDifferent
4.2.0,field_set_remove_root,field_set,Root,spark_equals_structurally_strict,Spark,DriftedAsFound,ReportsDifferent
4.2.0,field_set_remove_root,field_set,Root,spark_equals_structurally_strict,Spark,BaselineAsFound,ReportsDifferent
4.2.0,field_set_remove_root,field_set,Root,spark_equals_structurally_ignore_nullability,Spark,DriftedAsFound,ReportsDifferent
4.2.0,field_set_remove_root,field_set,Root,spark_equals_structurally_ignore_nullability,Spark,BaselineAsFound,ReportsDifferent
4.2.0,field_set_remove_root,field_set,Root,spark_equals_structurally_by_name_cs,Spark,DriftedAsFound,ReportsDifferent
4.2.0,field_set_remove_root,field_set,Root,spark_equals_structurally_by_name_cs,Spark,BaselineAsFound,ReportsDifferent
4.2.0,field_set_remove_root,field_set,Root,spark_equals_structurally_by_name_ci,Spark,DriftedAsFound,ReportsDifferent
4.2.0,field_set_remove_root,field_set,Root,spark_equals_structurally_by_name_ci,Spark,BaselineAsFound,ReportsDifferent
4.2.0,field_set_remove_root,field_set,Root,ctdc_rt_exact,CtdcRuntime,DriftedAsFound,ReportsDifferent
4.2.0,field_set_remove_root,field_set,Root,ctdc_rt_exact,CtdcRuntime,BaselineAsFound,ReportsDifferent
4.2.0,field_set_remove_root,field_set,Root,ctdc_rt_exact_unordered_ci,CtdcRuntime,DriftedAsFound,ReportsDifferent
4.2.0,field_set_remove_root,field_set,Root,ctdc_rt_exact_unordered_ci,CtdcRuntime,BaselineAsFound,ReportsDifferent
4.2.0,field_set_remove_root,field_set,Root,ctdc_rt_exact_ordered,CtdcRuntime,DriftedAsFound,ReportsDifferent
4.2.0,field_set_remove_root,field_set,Root,ctdc_rt_exact_ordered,CtdcRuntime,BaselineAsFound,ReportsDifferent
4.2.0,field_set_remove_root,field_set,Root,ctdc_rt_exact_by_position,CtdcRuntime,DriftedAsFound,ReportsDifferent
4.2.0,field_set_remove_root,field_set,Root,ctdc_rt_exact_by_position,CtdcRuntime,BaselineAsFound,ReportsDifferent
4.2.0,field_set_remove_root,field_set,Root,ctdc_rt_backward,CtdcRuntime,DriftedAsFound,ReportsDifferent
4.2.0,field_set_remove_root,field_set,Root,ctdc_rt_backward,CtdcRuntime,BaselineAsFound,ReportsEqual
4.2.0,field_set_remove_root,field_set,Root,ctdc_rt_forward,CtdcRuntime,DriftedAsFound,ReportsEqual
4.2.0,field_set_remove_root,field_set,Root,ctdc_rt_forward,CtdcRuntime,BaselineAsFound,ReportsDifferent
4.2.0,field_set_remove_root,field_set,Root,ctdc_engine_exact,CtdcPolicyEngine,DriftedAsFound,ReportsDifferent
4.2.0,field_set_remove_root,field_set,Root,ctdc_engine_exact,CtdcPolicyEngine,BaselineAsFound,ReportsDifferent
4.2.0,field_set_remove_root,field_set,Root,ctdc_engine_exact_unordered_ci,CtdcPolicyEngine,DriftedAsFound,ReportsDifferent
4.2.0,field_set_remove_root,field_set,Root,ctdc_engine_exact_unordered_ci,CtdcPolicyEngine,BaselineAsFound,ReportsDifferent
4.2.0,field_set_remove_root,field_set,Root,ctdc_engine_exact_ordered,CtdcPolicyEngine,DriftedAsFound,ReportsDifferent
4.2.0,field_set_remove_root,field_set,Root,ctdc_engine_exact_ordered,CtdcPolicyEngine,BaselineAsFound,ReportsDifferent
4.2.0,field_set_remove_root,field_set,Root,ctdc_engine_exact_by_position,CtdcPolicyEngine,DriftedAsFound,ReportsDifferent
4.2.0,field_set_remove_root,field_set,Root,ctdc_engine_exact_by_position,CtdcPolicyEngine,BaselineAsFound,ReportsDifferent
4.2.0,field_set_remove_root,field_set,Root,ctdc_engine_backward,CtdcPolicyEngine,DriftedAsFound,ReportsDifferent
4.2.0,field_set_remove_root,field_set,Root,ctdc_engine_backward,CtdcPolicyEngine,BaselineAsFound,ReportsEqual
4.2.0,field_set_remove_root,field_set,Root,ctdc_engine_forward,CtdcPolicyEngine,DriftedAsFound,ReportsEqual
4.2.0,field_set_remove_root,field_set,Root,ctdc_engine_forward,CtdcPolicyEngine,BaselineAsFound,ReportsDifferent
4.2.0,field_set_remove_root,field_set,Root,avro_reader_writer_resolution,AvroResolution,DriftedAsFound,ReportsDifferent
4.2.0,field_set_remove_root,field_set,Root,avro_reader_writer_resolution,AvroResolution,BaselineAsFound,ReportsEqual
4.2.0,field_set_remove_nested,field_set,Nested,spark_equals,Spark,DriftedAsFound,ReportsDifferent
4.2.0,field_set_remove_nested,field_set,Nested,spark_equals,Spark,BaselineAsFound,ReportsDifferent
4.2.0,field_set_remove_nested,field_set,Nested,spark_same_type,Spark,DriftedAsFound,ReportsDifferent
4.2.0,field_set_remove_nested,field_set,Nested,spark_same_type,Spark,BaselineAsFound,ReportsDifferent
4.2.0,field_set_remove_nested,field_set,Nested,spark_equals_ignore_nullability,Spark,DriftedAsFound,ReportsDifferent
4.2.0,field_set_remove_nested,field_set,Nested,spark_equals_ignore_nullability,Spark,BaselineAsFound,ReportsDifferent
4.2.0,field_set_remove_nested,field_set,Nested,spark_equals_ignore_case_and_nullability,Spark,DriftedAsFound,ReportsDifferent
4.2.0,field_set_remove_nested,field_set,Nested,spark_equals_ignore_case_and_nullability,Spark,BaselineAsFound,ReportsDifferent
4.2.0,field_set_remove_nested,field_set,Nested,spark_equals_ignore_compatible_nullability,Spark,DriftedAsFound,ReportsDifferent
4.2.0,field_set_remove_nested,field_set,Nested,spark_equals_ignore_compatible_nullability,Spark,BaselineAsFound,ReportsDifferent
4.2.0,field_set_remove_nested,field_set,Nested,spark_equals_ignore_name_and_compatible_nullability,Spark,DriftedAsFound,ReportsDifferent
4.2.0,field_set_remove_nested,field_set,Nested,spark_equals_ignore_name_and_compatible_nullability,Spark,BaselineAsFound,ReportsDifferent
4.2.0,field_set_remove_nested,field_set,Nested,spark_equals_structurally_strict,Spark,DriftedAsFound,ReportsDifferent
4.2.0,field_set_remove_nested,field_set,Nested,spark_equals_structurally_strict,Spark,BaselineAsFound,ReportsDifferent
4.2.0,field_set_remove_nested,field_set,Nested,spark_equals_structurally_ignore_nullability,Spark,DriftedAsFound,ReportsDifferent
4.2.0,field_set_remove_nested,field_set,Nested,spark_equals_structurally_ignore_nullability,Spark,BaselineAsFound,ReportsDifferent
4.2.0,field_set_remove_nested,field_set,Nested,spark_equals_structurally_by_name_cs,Spark,DriftedAsFound,ReportsDifferent
4.2.0,field_set_remove_nested,field_set,Nested,spark_equals_structurally_by_name_cs,Spark,BaselineAsFound,ReportsDifferent
4.2.0,field_set_remove_nested,field_set,Nested,spark_equals_structurally_by_name_ci,Spark,DriftedAsFound,ReportsDifferent
4.2.0,field_set_remove_nested,field_set,Nested,spark_equals_structurally_by_name_ci,Spark,BaselineAsFound,ReportsDifferent
4.2.0,field_set_remove_nested,field_set,Nested,ctdc_rt_exact,CtdcRuntime,DriftedAsFound,ReportsDifferent
4.2.0,field_set_remove_nested,field_set,Nested,ctdc_rt_exact,CtdcRuntime,BaselineAsFound,ReportsDifferent
4.2.0,field_set_remove_nested,field_set,Nested,ctdc_rt_exact_unordered_ci,CtdcRuntime,DriftedAsFound,ReportsDifferent
4.2.0,field_set_remove_nested,field_set,Nested,ctdc_rt_exact_unordered_ci,CtdcRuntime,BaselineAsFound,ReportsDifferent
4.2.0,field_set_remove_nested,field_set,Nested,ctdc_rt_exact_ordered,CtdcRuntime,DriftedAsFound,ReportsDifferent
4.2.0,field_set_remove_nested,field_set,Nested,ctdc_rt_exact_ordered,CtdcRuntime,BaselineAsFound,ReportsDifferent
4.2.0,field_set_remove_nested,field_set,Nested,ctdc_rt_exact_by_position,CtdcRuntime,DriftedAsFound,ReportsDifferent
4.2.0,field_set_remove_nested,field_set,Nested,ctdc_rt_exact_by_position,CtdcRuntime,BaselineAsFound,ReportsDifferent
4.2.0,field_set_remove_nested,field_set,Nested,ctdc_rt_backward,CtdcRuntime,DriftedAsFound,ReportsDifferent
4.2.0,field_set_remove_nested,field_set,Nested,ctdc_rt_backward,CtdcRuntime,BaselineAsFound,ReportsEqual
4.2.0,field_set_remove_nested,field_set,Nested,ctdc_rt_forward,CtdcRuntime,DriftedAsFound,ReportsEqual
4.2.0,field_set_remove_nested,field_set,Nested,ctdc_rt_forward,CtdcRuntime,BaselineAsFound,ReportsDifferent
4.2.0,field_set_remove_nested,field_set,Nested,ctdc_engine_exact,CtdcPolicyEngine,DriftedAsFound,ReportsDifferent
4.2.0,field_set_remove_nested,field_set,Nested,ctdc_engine_exact,CtdcPolicyEngine,BaselineAsFound,ReportsDifferent
4.2.0,field_set_remove_nested,field_set,Nested,ctdc_engine_exact_unordered_ci,CtdcPolicyEngine,DriftedAsFound,ReportsDifferent
4.2.0,field_set_remove_nested,field_set,Nested,ctdc_engine_exact_unordered_ci,CtdcPolicyEngine,BaselineAsFound,ReportsDifferent
4.2.0,field_set_remove_nested,field_set,Nested,ctdc_engine_exact_ordered,CtdcPolicyEngine,DriftedAsFound,ReportsDifferent
4.2.0,field_set_remove_nested,field_set,Nested,ctdc_engine_exact_ordered,CtdcPolicyEngine,BaselineAsFound,ReportsDifferent
4.2.0,field_set_remove_nested,field_set,Nested,ctdc_engine_exact_by_position,CtdcPolicyEngine,DriftedAsFound,ReportsDifferent
4.2.0,field_set_remove_nested,field_set,Nested,ctdc_engine_exact_by_position,CtdcPolicyEngine,BaselineAsFound,ReportsDifferent
4.2.0,field_set_remove_nested,field_set,Nested,ctdc_engine_backward,CtdcPolicyEngine,DriftedAsFound,ReportsDifferent
4.2.0,field_set_remove_nested,field_set,Nested,ctdc_engine_backward,CtdcPolicyEngine,BaselineAsFound,ReportsEqual
4.2.0,field_set_remove_nested,field_set,Nested,ctdc_engine_forward,CtdcPolicyEngine,DriftedAsFound,ReportsEqual
4.2.0,field_set_remove_nested,field_set,Nested,ctdc_engine_forward,CtdcPolicyEngine,BaselineAsFound,ReportsDifferent
4.2.0,field_set_remove_nested,field_set,Nested,avro_reader_writer_resolution,AvroResolution,DriftedAsFound,ReportsDifferent
4.2.0,field_set_remove_nested,field_set,Nested,avro_reader_writer_resolution,AvroResolution,BaselineAsFound,ReportsEqual
4.2.0,field_set_add_root,field_set,Root,spark_equals,Spark,DriftedAsFound,ReportsDifferent
4.2.0,field_set_add_root,field_set,Root,spark_equals,Spark,BaselineAsFound,ReportsDifferent
4.2.0,field_set_add_root,field_set,Root,spark_same_type,Spark,DriftedAsFound,ReportsDifferent
4.2.0,field_set_add_root,field_set,Root,spark_same_type,Spark,BaselineAsFound,ReportsDifferent
4.2.0,field_set_add_root,field_set,Root,spark_equals_ignore_nullability,Spark,DriftedAsFound,ReportsDifferent
4.2.0,field_set_add_root,field_set,Root,spark_equals_ignore_nullability,Spark,BaselineAsFound,ReportsDifferent
4.2.0,field_set_add_root,field_set,Root,spark_equals_ignore_case_and_nullability,Spark,DriftedAsFound,ReportsDifferent
4.2.0,field_set_add_root,field_set,Root,spark_equals_ignore_case_and_nullability,Spark,BaselineAsFound,ReportsDifferent
4.2.0,field_set_add_root,field_set,Root,spark_equals_ignore_compatible_nullability,Spark,DriftedAsFound,ReportsDifferent
4.2.0,field_set_add_root,field_set,Root,spark_equals_ignore_compatible_nullability,Spark,BaselineAsFound,ReportsDifferent
4.2.0,field_set_add_root,field_set,Root,spark_equals_ignore_name_and_compatible_nullability,Spark,DriftedAsFound,ReportsDifferent
4.2.0,field_set_add_root,field_set,Root,spark_equals_ignore_name_and_compatible_nullability,Spark,BaselineAsFound,ReportsDifferent
4.2.0,field_set_add_root,field_set,Root,spark_equals_structurally_strict,Spark,DriftedAsFound,ReportsDifferent
4.2.0,field_set_add_root,field_set,Root,spark_equals_structurally_strict,Spark,BaselineAsFound,ReportsDifferent
4.2.0,field_set_add_root,field_set,Root,spark_equals_structurally_ignore_nullability,Spark,DriftedAsFound,ReportsDifferent
4.2.0,field_set_add_root,field_set,Root,spark_equals_structurally_ignore_nullability,Spark,BaselineAsFound,ReportsDifferent
4.2.0,field_set_add_root,field_set,Root,spark_equals_structurally_by_name_cs,Spark,DriftedAsFound,ReportsDifferent
4.2.0,field_set_add_root,field_set,Root,spark_equals_structurally_by_name_cs,Spark,BaselineAsFound,ReportsDifferent
4.2.0,field_set_add_root,field_set,Root,spark_equals_structurally_by_name_ci,Spark,DriftedAsFound,ReportsDifferent
4.2.0,field_set_add_root,field_set,Root,spark_equals_structurally_by_name_ci,Spark,BaselineAsFound,ReportsDifferent
4.2.0,field_set_add_root,field_set,Root,ctdc_rt_exact,CtdcRuntime,DriftedAsFound,ReportsDifferent
4.2.0,field_set_add_root,field_set,Root,ctdc_rt_exact,CtdcRuntime,BaselineAsFound,ReportsDifferent
4.2.0,field_set_add_root,field_set,Root,ctdc_rt_exact_unordered_ci,CtdcRuntime,DriftedAsFound,ReportsDifferent
4.2.0,field_set_add_root,field_set,Root,ctdc_rt_exact_unordered_ci,CtdcRuntime,BaselineAsFound,ReportsDifferent
4.2.0,field_set_add_root,field_set,Root,ctdc_rt_exact_ordered,CtdcRuntime,DriftedAsFound,ReportsDifferent
4.2.0,field_set_add_root,field_set,Root,ctdc_rt_exact_ordered,CtdcRuntime,BaselineAsFound,ReportsDifferent
4.2.0,field_set_add_root,field_set,Root,ctdc_rt_exact_by_position,CtdcRuntime,DriftedAsFound,ReportsDifferent
4.2.0,field_set_add_root,field_set,Root,ctdc_rt_exact_by_position,CtdcRuntime,BaselineAsFound,ReportsDifferent
4.2.0,field_set_add_root,field_set,Root,ctdc_rt_backward,CtdcRuntime,DriftedAsFound,ReportsEqual
4.2.0,field_set_add_root,field_set,Root,ctdc_rt_backward,CtdcRuntime,BaselineAsFound,ReportsDifferent
4.2.0,field_set_add_root,field_set,Root,ctdc_rt_forward,CtdcRuntime,DriftedAsFound,ReportsDifferent
4.2.0,field_set_add_root,field_set,Root,ctdc_rt_forward,CtdcRuntime,BaselineAsFound,ReportsEqual
4.2.0,field_set_add_root,field_set,Root,ctdc_engine_exact,CtdcPolicyEngine,DriftedAsFound,ReportsDifferent
4.2.0,field_set_add_root,field_set,Root,ctdc_engine_exact,CtdcPolicyEngine,BaselineAsFound,ReportsDifferent
4.2.0,field_set_add_root,field_set,Root,ctdc_engine_exact_unordered_ci,CtdcPolicyEngine,DriftedAsFound,ReportsDifferent
4.2.0,field_set_add_root,field_set,Root,ctdc_engine_exact_unordered_ci,CtdcPolicyEngine,BaselineAsFound,ReportsDifferent
4.2.0,field_set_add_root,field_set,Root,ctdc_engine_exact_ordered,CtdcPolicyEngine,DriftedAsFound,ReportsDifferent
4.2.0,field_set_add_root,field_set,Root,ctdc_engine_exact_ordered,CtdcPolicyEngine,BaselineAsFound,ReportsDifferent
4.2.0,field_set_add_root,field_set,Root,ctdc_engine_exact_by_position,CtdcPolicyEngine,DriftedAsFound,ReportsDifferent
4.2.0,field_set_add_root,field_set,Root,ctdc_engine_exact_by_position,CtdcPolicyEngine,BaselineAsFound,ReportsDifferent
4.2.0,field_set_add_root,field_set,Root,ctdc_engine_backward,CtdcPolicyEngine,DriftedAsFound,ReportsEqual
4.2.0,field_set_add_root,field_set,Root,ctdc_engine_backward,CtdcPolicyEngine,BaselineAsFound,ReportsDifferent
4.2.0,field_set_add_root,field_set,Root,ctdc_engine_forward,CtdcPolicyEngine,DriftedAsFound,ReportsDifferent
4.2.0,field_set_add_root,field_set,Root,ctdc_engine_forward,CtdcPolicyEngine,BaselineAsFound,ReportsEqual
4.2.0,field_set_add_root,field_set,Root,avro_reader_writer_resolution,AvroResolution,DriftedAsFound,ReportsEqual
4.2.0,field_set_add_root,field_set,Root,avro_reader_writer_resolution,AvroResolution,BaselineAsFound,ReportsDifferent
4.2.0,field_set_add_nested,field_set,Nested,spark_equals,Spark,DriftedAsFound,ReportsDifferent
4.2.0,field_set_add_nested,field_set,Nested,spark_equals,Spark,BaselineAsFound,ReportsDifferent
4.2.0,field_set_add_nested,field_set,Nested,spark_same_type,Spark,DriftedAsFound,ReportsDifferent
4.2.0,field_set_add_nested,field_set,Nested,spark_same_type,Spark,BaselineAsFound,ReportsDifferent
4.2.0,field_set_add_nested,field_set,Nested,spark_equals_ignore_nullability,Spark,DriftedAsFound,ReportsDifferent
4.2.0,field_set_add_nested,field_set,Nested,spark_equals_ignore_nullability,Spark,BaselineAsFound,ReportsDifferent
4.2.0,field_set_add_nested,field_set,Nested,spark_equals_ignore_case_and_nullability,Spark,DriftedAsFound,ReportsDifferent
4.2.0,field_set_add_nested,field_set,Nested,spark_equals_ignore_case_and_nullability,Spark,BaselineAsFound,ReportsDifferent
4.2.0,field_set_add_nested,field_set,Nested,spark_equals_ignore_compatible_nullability,Spark,DriftedAsFound,ReportsDifferent
4.2.0,field_set_add_nested,field_set,Nested,spark_equals_ignore_compatible_nullability,Spark,BaselineAsFound,ReportsDifferent
4.2.0,field_set_add_nested,field_set,Nested,spark_equals_ignore_name_and_compatible_nullability,Spark,DriftedAsFound,ReportsDifferent
4.2.0,field_set_add_nested,field_set,Nested,spark_equals_ignore_name_and_compatible_nullability,Spark,BaselineAsFound,ReportsDifferent
4.2.0,field_set_add_nested,field_set,Nested,spark_equals_structurally_strict,Spark,DriftedAsFound,ReportsDifferent
4.2.0,field_set_add_nested,field_set,Nested,spark_equals_structurally_strict,Spark,BaselineAsFound,ReportsDifferent
4.2.0,field_set_add_nested,field_set,Nested,spark_equals_structurally_ignore_nullability,Spark,DriftedAsFound,ReportsDifferent
4.2.0,field_set_add_nested,field_set,Nested,spark_equals_structurally_ignore_nullability,Spark,BaselineAsFound,ReportsDifferent
4.2.0,field_set_add_nested,field_set,Nested,spark_equals_structurally_by_name_cs,Spark,DriftedAsFound,ReportsDifferent
4.2.0,field_set_add_nested,field_set,Nested,spark_equals_structurally_by_name_cs,Spark,BaselineAsFound,ReportsDifferent
4.2.0,field_set_add_nested,field_set,Nested,spark_equals_structurally_by_name_ci,Spark,DriftedAsFound,ReportsDifferent
4.2.0,field_set_add_nested,field_set,Nested,spark_equals_structurally_by_name_ci,Spark,BaselineAsFound,ReportsDifferent
4.2.0,field_set_add_nested,field_set,Nested,ctdc_rt_exact,CtdcRuntime,DriftedAsFound,ReportsDifferent
4.2.0,field_set_add_nested,field_set,Nested,ctdc_rt_exact,CtdcRuntime,BaselineAsFound,ReportsDifferent
4.2.0,field_set_add_nested,field_set,Nested,ctdc_rt_exact_unordered_ci,CtdcRuntime,DriftedAsFound,ReportsDifferent
4.2.0,field_set_add_nested,field_set,Nested,ctdc_rt_exact_unordered_ci,CtdcRuntime,BaselineAsFound,ReportsDifferent
4.2.0,field_set_add_nested,field_set,Nested,ctdc_rt_exact_ordered,CtdcRuntime,DriftedAsFound,ReportsDifferent
4.2.0,field_set_add_nested,field_set,Nested,ctdc_rt_exact_ordered,CtdcRuntime,BaselineAsFound,ReportsDifferent
4.2.0,field_set_add_nested,field_set,Nested,ctdc_rt_exact_by_position,CtdcRuntime,DriftedAsFound,ReportsDifferent
4.2.0,field_set_add_nested,field_set,Nested,ctdc_rt_exact_by_position,CtdcRuntime,BaselineAsFound,ReportsDifferent
4.2.0,field_set_add_nested,field_set,Nested,ctdc_rt_backward,CtdcRuntime,DriftedAsFound,ReportsEqual
4.2.0,field_set_add_nested,field_set,Nested,ctdc_rt_backward,CtdcRuntime,BaselineAsFound,ReportsDifferent
4.2.0,field_set_add_nested,field_set,Nested,ctdc_rt_forward,CtdcRuntime,DriftedAsFound,ReportsDifferent
4.2.0,field_set_add_nested,field_set,Nested,ctdc_rt_forward,CtdcRuntime,BaselineAsFound,ReportsEqual
4.2.0,field_set_add_nested,field_set,Nested,ctdc_engine_exact,CtdcPolicyEngine,DriftedAsFound,ReportsDifferent
4.2.0,field_set_add_nested,field_set,Nested,ctdc_engine_exact,CtdcPolicyEngine,BaselineAsFound,ReportsDifferent
4.2.0,field_set_add_nested,field_set,Nested,ctdc_engine_exact_unordered_ci,CtdcPolicyEngine,DriftedAsFound,ReportsDifferent
4.2.0,field_set_add_nested,field_set,Nested,ctdc_engine_exact_unordered_ci,CtdcPolicyEngine,BaselineAsFound,ReportsDifferent
4.2.0,field_set_add_nested,field_set,Nested,ctdc_engine_exact_ordered,CtdcPolicyEngine,DriftedAsFound,ReportsDifferent
4.2.0,field_set_add_nested,field_set,Nested,ctdc_engine_exact_ordered,CtdcPolicyEngine,BaselineAsFound,ReportsDifferent
4.2.0,field_set_add_nested,field_set,Nested,ctdc_engine_exact_by_position,CtdcPolicyEngine,DriftedAsFound,ReportsDifferent
4.2.0,field_set_add_nested,field_set,Nested,ctdc_engine_exact_by_position,CtdcPolicyEngine,BaselineAsFound,ReportsDifferent
4.2.0,field_set_add_nested,field_set,Nested,ctdc_engine_backward,CtdcPolicyEngine,DriftedAsFound,ReportsEqual
4.2.0,field_set_add_nested,field_set,Nested,ctdc_engine_backward,CtdcPolicyEngine,BaselineAsFound,ReportsDifferent
4.2.0,field_set_add_nested,field_set,Nested,ctdc_engine_forward,CtdcPolicyEngine,DriftedAsFound,ReportsDifferent
4.2.0,field_set_add_nested,field_set,Nested,ctdc_engine_forward,CtdcPolicyEngine,BaselineAsFound,ReportsEqual
4.2.0,field_set_add_nested,field_set,Nested,avro_reader_writer_resolution,AvroResolution,DriftedAsFound,ReportsEqual
4.2.0,field_set_add_nested,field_set,Nested,avro_reader_writer_resolution,AvroResolution,BaselineAsFound,ReportsDifferent
4.2.0,field_set_permute_root,field_set,Root,spark_equals,Spark,DriftedAsFound,ReportsDifferent
4.2.0,field_set_permute_root,field_set,Root,spark_equals,Spark,BaselineAsFound,ReportsDifferent
4.2.0,field_set_permute_root,field_set,Root,spark_same_type,Spark,DriftedAsFound,ReportsDifferent
4.2.0,field_set_permute_root,field_set,Root,spark_same_type,Spark,BaselineAsFound,ReportsDifferent
4.2.0,field_set_permute_root,field_set,Root,spark_equals_ignore_nullability,Spark,DriftedAsFound,ReportsDifferent
4.2.0,field_set_permute_root,field_set,Root,spark_equals_ignore_nullability,Spark,BaselineAsFound,ReportsDifferent
4.2.0,field_set_permute_root,field_set,Root,spark_equals_ignore_case_and_nullability,Spark,DriftedAsFound,ReportsDifferent
4.2.0,field_set_permute_root,field_set,Root,spark_equals_ignore_case_and_nullability,Spark,BaselineAsFound,ReportsDifferent
4.2.0,field_set_permute_root,field_set,Root,spark_equals_ignore_compatible_nullability,Spark,DriftedAsFound,ReportsDifferent
4.2.0,field_set_permute_root,field_set,Root,spark_equals_ignore_compatible_nullability,Spark,BaselineAsFound,ReportsDifferent
4.2.0,field_set_permute_root,field_set,Root,spark_equals_ignore_name_and_compatible_nullability,Spark,DriftedAsFound,ReportsDifferent
4.2.0,field_set_permute_root,field_set,Root,spark_equals_ignore_name_and_compatible_nullability,Spark,BaselineAsFound,ReportsDifferent
4.2.0,field_set_permute_root,field_set,Root,spark_equals_structurally_strict,Spark,DriftedAsFound,ReportsDifferent
4.2.0,field_set_permute_root,field_set,Root,spark_equals_structurally_strict,Spark,BaselineAsFound,ReportsDifferent
4.2.0,field_set_permute_root,field_set,Root,spark_equals_structurally_ignore_nullability,Spark,DriftedAsFound,ReportsDifferent
4.2.0,field_set_permute_root,field_set,Root,spark_equals_structurally_ignore_nullability,Spark,BaselineAsFound,ReportsDifferent
4.2.0,field_set_permute_root,field_set,Root,spark_equals_structurally_by_name_cs,Spark,DriftedAsFound,ReportsDifferent
4.2.0,field_set_permute_root,field_set,Root,spark_equals_structurally_by_name_cs,Spark,BaselineAsFound,ReportsDifferent
4.2.0,field_set_permute_root,field_set,Root,spark_equals_structurally_by_name_ci,Spark,DriftedAsFound,ReportsDifferent
4.2.0,field_set_permute_root,field_set,Root,spark_equals_structurally_by_name_ci,Spark,BaselineAsFound,ReportsDifferent
4.2.0,field_set_permute_root,field_set,Root,ctdc_rt_exact,CtdcRuntime,DriftedAsFound,ReportsEqual
4.2.0,field_set_permute_root,field_set,Root,ctdc_rt_exact,CtdcRuntime,BaselineAsFound,ReportsEqual
4.2.0,field_set_permute_root,field_set,Root,ctdc_rt_exact_unordered_ci,CtdcRuntime,DriftedAsFound,ReportsEqual
4.2.0,field_set_permute_root,field_set,Root,ctdc_rt_exact_unordered_ci,CtdcRuntime,BaselineAsFound,ReportsEqual
4.2.0,field_set_permute_root,field_set,Root,ctdc_rt_exact_ordered,CtdcRuntime,DriftedAsFound,ReportsDifferent
4.2.0,field_set_permute_root,field_set,Root,ctdc_rt_exact_ordered,CtdcRuntime,BaselineAsFound,ReportsDifferent
4.2.0,field_set_permute_root,field_set,Root,ctdc_rt_exact_by_position,CtdcRuntime,DriftedAsFound,ReportsDifferent
4.2.0,field_set_permute_root,field_set,Root,ctdc_rt_exact_by_position,CtdcRuntime,BaselineAsFound,ReportsDifferent
4.2.0,field_set_permute_root,field_set,Root,ctdc_rt_backward,CtdcRuntime,DriftedAsFound,ReportsEqual
4.2.0,field_set_permute_root,field_set,Root,ctdc_rt_backward,CtdcRuntime,BaselineAsFound,ReportsEqual
4.2.0,field_set_permute_root,field_set,Root,ctdc_rt_forward,CtdcRuntime,DriftedAsFound,ReportsEqual
4.2.0,field_set_permute_root,field_set,Root,ctdc_rt_forward,CtdcRuntime,BaselineAsFound,ReportsEqual
4.2.0,field_set_permute_root,field_set,Root,ctdc_engine_exact,CtdcPolicyEngine,DriftedAsFound,ReportsEqual
4.2.0,field_set_permute_root,field_set,Root,ctdc_engine_exact,CtdcPolicyEngine,BaselineAsFound,ReportsEqual
4.2.0,field_set_permute_root,field_set,Root,ctdc_engine_exact_unordered_ci,CtdcPolicyEngine,DriftedAsFound,ReportsEqual
4.2.0,field_set_permute_root,field_set,Root,ctdc_engine_exact_unordered_ci,CtdcPolicyEngine,BaselineAsFound,ReportsEqual
4.2.0,field_set_permute_root,field_set,Root,ctdc_engine_exact_ordered,CtdcPolicyEngine,DriftedAsFound,ReportsDifferent
4.2.0,field_set_permute_root,field_set,Root,ctdc_engine_exact_ordered,CtdcPolicyEngine,BaselineAsFound,ReportsDifferent
4.2.0,field_set_permute_root,field_set,Root,ctdc_engine_exact_by_position,CtdcPolicyEngine,DriftedAsFound,ReportsDifferent
4.2.0,field_set_permute_root,field_set,Root,ctdc_engine_exact_by_position,CtdcPolicyEngine,BaselineAsFound,ReportsDifferent
4.2.0,field_set_permute_root,field_set,Root,ctdc_engine_backward,CtdcPolicyEngine,DriftedAsFound,ReportsEqual
4.2.0,field_set_permute_root,field_set,Root,ctdc_engine_backward,CtdcPolicyEngine,BaselineAsFound,ReportsEqual
4.2.0,field_set_permute_root,field_set,Root,ctdc_engine_forward,CtdcPolicyEngine,DriftedAsFound,ReportsEqual
4.2.0,field_set_permute_root,field_set,Root,ctdc_engine_forward,CtdcPolicyEngine,BaselineAsFound,ReportsEqual
4.2.0,field_set_permute_root,field_set,Root,avro_reader_writer_resolution,AvroResolution,DriftedAsFound,ReportsEqual
4.2.0,field_set_permute_root,field_set,Root,avro_reader_writer_resolution,AvroResolution,BaselineAsFound,ReportsEqual
4.2.0,field_set_permute_nested,field_set,Nested,spark_equals,Spark,DriftedAsFound,ReportsDifferent
4.2.0,field_set_permute_nested,field_set,Nested,spark_equals,Spark,BaselineAsFound,ReportsDifferent
4.2.0,field_set_permute_nested,field_set,Nested,spark_same_type,Spark,DriftedAsFound,ReportsDifferent
4.2.0,field_set_permute_nested,field_set,Nested,spark_same_type,Spark,BaselineAsFound,ReportsDifferent
4.2.0,field_set_permute_nested,field_set,Nested,spark_equals_ignore_nullability,Spark,DriftedAsFound,ReportsDifferent
4.2.0,field_set_permute_nested,field_set,Nested,spark_equals_ignore_nullability,Spark,BaselineAsFound,ReportsDifferent
4.2.0,field_set_permute_nested,field_set,Nested,spark_equals_ignore_case_and_nullability,Spark,DriftedAsFound,ReportsDifferent
4.2.0,field_set_permute_nested,field_set,Nested,spark_equals_ignore_case_and_nullability,Spark,BaselineAsFound,ReportsDifferent
4.2.0,field_set_permute_nested,field_set,Nested,spark_equals_ignore_compatible_nullability,Spark,DriftedAsFound,ReportsDifferent
4.2.0,field_set_permute_nested,field_set,Nested,spark_equals_ignore_compatible_nullability,Spark,BaselineAsFound,ReportsDifferent
4.2.0,field_set_permute_nested,field_set,Nested,spark_equals_ignore_name_and_compatible_nullability,Spark,DriftedAsFound,ReportsDifferent
4.2.0,field_set_permute_nested,field_set,Nested,spark_equals_ignore_name_and_compatible_nullability,Spark,BaselineAsFound,ReportsDifferent
4.2.0,field_set_permute_nested,field_set,Nested,spark_equals_structurally_strict,Spark,DriftedAsFound,ReportsDifferent
4.2.0,field_set_permute_nested,field_set,Nested,spark_equals_structurally_strict,Spark,BaselineAsFound,ReportsDifferent
4.2.0,field_set_permute_nested,field_set,Nested,spark_equals_structurally_ignore_nullability,Spark,DriftedAsFound,ReportsDifferent
4.2.0,field_set_permute_nested,field_set,Nested,spark_equals_structurally_ignore_nullability,Spark,BaselineAsFound,ReportsDifferent
4.2.0,field_set_permute_nested,field_set,Nested,spark_equals_structurally_by_name_cs,Spark,DriftedAsFound,ReportsDifferent
4.2.0,field_set_permute_nested,field_set,Nested,spark_equals_structurally_by_name_cs,Spark,BaselineAsFound,ReportsDifferent
4.2.0,field_set_permute_nested,field_set,Nested,spark_equals_structurally_by_name_ci,Spark,DriftedAsFound,ReportsDifferent
4.2.0,field_set_permute_nested,field_set,Nested,spark_equals_structurally_by_name_ci,Spark,BaselineAsFound,ReportsDifferent
4.2.0,field_set_permute_nested,field_set,Nested,ctdc_rt_exact,CtdcRuntime,DriftedAsFound,ReportsEqual
4.2.0,field_set_permute_nested,field_set,Nested,ctdc_rt_exact,CtdcRuntime,BaselineAsFound,ReportsEqual
4.2.0,field_set_permute_nested,field_set,Nested,ctdc_rt_exact_unordered_ci,CtdcRuntime,DriftedAsFound,ReportsEqual
4.2.0,field_set_permute_nested,field_set,Nested,ctdc_rt_exact_unordered_ci,CtdcRuntime,BaselineAsFound,ReportsEqual
4.2.0,field_set_permute_nested,field_set,Nested,ctdc_rt_exact_ordered,CtdcRuntime,DriftedAsFound,ReportsDifferent
4.2.0,field_set_permute_nested,field_set,Nested,ctdc_rt_exact_ordered,CtdcRuntime,BaselineAsFound,ReportsDifferent
4.2.0,field_set_permute_nested,field_set,Nested,ctdc_rt_exact_by_position,CtdcRuntime,DriftedAsFound,ReportsDifferent
4.2.0,field_set_permute_nested,field_set,Nested,ctdc_rt_exact_by_position,CtdcRuntime,BaselineAsFound,ReportsDifferent
4.2.0,field_set_permute_nested,field_set,Nested,ctdc_rt_backward,CtdcRuntime,DriftedAsFound,ReportsEqual
4.2.0,field_set_permute_nested,field_set,Nested,ctdc_rt_backward,CtdcRuntime,BaselineAsFound,ReportsEqual
4.2.0,field_set_permute_nested,field_set,Nested,ctdc_rt_forward,CtdcRuntime,DriftedAsFound,ReportsEqual
4.2.0,field_set_permute_nested,field_set,Nested,ctdc_rt_forward,CtdcRuntime,BaselineAsFound,ReportsEqual
4.2.0,field_set_permute_nested,field_set,Nested,ctdc_engine_exact,CtdcPolicyEngine,DriftedAsFound,ReportsEqual
4.2.0,field_set_permute_nested,field_set,Nested,ctdc_engine_exact,CtdcPolicyEngine,BaselineAsFound,ReportsEqual
4.2.0,field_set_permute_nested,field_set,Nested,ctdc_engine_exact_unordered_ci,CtdcPolicyEngine,DriftedAsFound,ReportsEqual
4.2.0,field_set_permute_nested,field_set,Nested,ctdc_engine_exact_unordered_ci,CtdcPolicyEngine,BaselineAsFound,ReportsEqual
4.2.0,field_set_permute_nested,field_set,Nested,ctdc_engine_exact_ordered,CtdcPolicyEngine,DriftedAsFound,ReportsDifferent
4.2.0,field_set_permute_nested,field_set,Nested,ctdc_engine_exact_ordered,CtdcPolicyEngine,BaselineAsFound,ReportsDifferent
4.2.0,field_set_permute_nested,field_set,Nested,ctdc_engine_exact_by_position,CtdcPolicyEngine,DriftedAsFound,ReportsDifferent
4.2.0,field_set_permute_nested,field_set,Nested,ctdc_engine_exact_by_position,CtdcPolicyEngine,BaselineAsFound,ReportsDifferent
4.2.0,field_set_permute_nested,field_set,Nested,ctdc_engine_backward,CtdcPolicyEngine,DriftedAsFound,ReportsEqual
4.2.0,field_set_permute_nested,field_set,Nested,ctdc_engine_backward,CtdcPolicyEngine,BaselineAsFound,ReportsEqual
4.2.0,field_set_permute_nested,field_set,Nested,ctdc_engine_forward,CtdcPolicyEngine,DriftedAsFound,ReportsEqual
4.2.0,field_set_permute_nested,field_set,Nested,ctdc_engine_forward,CtdcPolicyEngine,BaselineAsFound,ReportsEqual
4.2.0,field_set_permute_nested,field_set,Nested,avro_reader_writer_resolution,AvroResolution,DriftedAsFound,ReportsEqual
4.2.0,field_set_permute_nested,field_set,Nested,avro_reader_writer_resolution,AvroResolution,BaselineAsFound,ReportsEqual
4.2.0,field_set_permute_same_type_root,field_set,Root,spark_equals,Spark,DriftedAsFound,ReportsDifferent
4.2.0,field_set_permute_same_type_root,field_set,Root,spark_equals,Spark,BaselineAsFound,ReportsDifferent
4.2.0,field_set_permute_same_type_root,field_set,Root,spark_same_type,Spark,DriftedAsFound,ReportsDifferent
4.2.0,field_set_permute_same_type_root,field_set,Root,spark_same_type,Spark,BaselineAsFound,ReportsDifferent
4.2.0,field_set_permute_same_type_root,field_set,Root,spark_equals_ignore_nullability,Spark,DriftedAsFound,ReportsDifferent
4.2.0,field_set_permute_same_type_root,field_set,Root,spark_equals_ignore_nullability,Spark,BaselineAsFound,ReportsDifferent
4.2.0,field_set_permute_same_type_root,field_set,Root,spark_equals_ignore_case_and_nullability,Spark,DriftedAsFound,ReportsDifferent
4.2.0,field_set_permute_same_type_root,field_set,Root,spark_equals_ignore_case_and_nullability,Spark,BaselineAsFound,ReportsDifferent
4.2.0,field_set_permute_same_type_root,field_set,Root,spark_equals_ignore_compatible_nullability,Spark,DriftedAsFound,ReportsDifferent
4.2.0,field_set_permute_same_type_root,field_set,Root,spark_equals_ignore_compatible_nullability,Spark,BaselineAsFound,ReportsDifferent
4.2.0,field_set_permute_same_type_root,field_set,Root,spark_equals_ignore_name_and_compatible_nullability,Spark,DriftedAsFound,ReportsEqual
4.2.0,field_set_permute_same_type_root,field_set,Root,spark_equals_ignore_name_and_compatible_nullability,Spark,BaselineAsFound,ReportsEqual
4.2.0,field_set_permute_same_type_root,field_set,Root,spark_equals_structurally_strict,Spark,DriftedAsFound,ReportsEqual
4.2.0,field_set_permute_same_type_root,field_set,Root,spark_equals_structurally_strict,Spark,BaselineAsFound,ReportsEqual
4.2.0,field_set_permute_same_type_root,field_set,Root,spark_equals_structurally_ignore_nullability,Spark,DriftedAsFound,ReportsEqual
4.2.0,field_set_permute_same_type_root,field_set,Root,spark_equals_structurally_ignore_nullability,Spark,BaselineAsFound,ReportsEqual
4.2.0,field_set_permute_same_type_root,field_set,Root,spark_equals_structurally_by_name_cs,Spark,DriftedAsFound,ReportsDifferent
4.2.0,field_set_permute_same_type_root,field_set,Root,spark_equals_structurally_by_name_cs,Spark,BaselineAsFound,ReportsDifferent
4.2.0,field_set_permute_same_type_root,field_set,Root,spark_equals_structurally_by_name_ci,Spark,DriftedAsFound,ReportsDifferent
4.2.0,field_set_permute_same_type_root,field_set,Root,spark_equals_structurally_by_name_ci,Spark,BaselineAsFound,ReportsDifferent
4.2.0,field_set_permute_same_type_root,field_set,Root,ctdc_rt_exact,CtdcRuntime,DriftedAsFound,ReportsEqual
4.2.0,field_set_permute_same_type_root,field_set,Root,ctdc_rt_exact,CtdcRuntime,BaselineAsFound,ReportsEqual
4.2.0,field_set_permute_same_type_root,field_set,Root,ctdc_rt_exact_unordered_ci,CtdcRuntime,DriftedAsFound,ReportsEqual
4.2.0,field_set_permute_same_type_root,field_set,Root,ctdc_rt_exact_unordered_ci,CtdcRuntime,BaselineAsFound,ReportsEqual
4.2.0,field_set_permute_same_type_root,field_set,Root,ctdc_rt_exact_ordered,CtdcRuntime,DriftedAsFound,ReportsDifferent
4.2.0,field_set_permute_same_type_root,field_set,Root,ctdc_rt_exact_ordered,CtdcRuntime,BaselineAsFound,ReportsDifferent
4.2.0,field_set_permute_same_type_root,field_set,Root,ctdc_rt_exact_by_position,CtdcRuntime,DriftedAsFound,ReportsEqual
4.2.0,field_set_permute_same_type_root,field_set,Root,ctdc_rt_exact_by_position,CtdcRuntime,BaselineAsFound,ReportsEqual
4.2.0,field_set_permute_same_type_root,field_set,Root,ctdc_rt_backward,CtdcRuntime,DriftedAsFound,ReportsEqual
4.2.0,field_set_permute_same_type_root,field_set,Root,ctdc_rt_backward,CtdcRuntime,BaselineAsFound,ReportsEqual
4.2.0,field_set_permute_same_type_root,field_set,Root,ctdc_rt_forward,CtdcRuntime,DriftedAsFound,ReportsEqual
4.2.0,field_set_permute_same_type_root,field_set,Root,ctdc_rt_forward,CtdcRuntime,BaselineAsFound,ReportsEqual
4.2.0,field_set_permute_same_type_root,field_set,Root,ctdc_engine_exact,CtdcPolicyEngine,DriftedAsFound,ReportsEqual
4.2.0,field_set_permute_same_type_root,field_set,Root,ctdc_engine_exact,CtdcPolicyEngine,BaselineAsFound,ReportsEqual
4.2.0,field_set_permute_same_type_root,field_set,Root,ctdc_engine_exact_unordered_ci,CtdcPolicyEngine,DriftedAsFound,ReportsEqual
4.2.0,field_set_permute_same_type_root,field_set,Root,ctdc_engine_exact_unordered_ci,CtdcPolicyEngine,BaselineAsFound,ReportsEqual
4.2.0,field_set_permute_same_type_root,field_set,Root,ctdc_engine_exact_ordered,CtdcPolicyEngine,DriftedAsFound,ReportsDifferent
4.2.0,field_set_permute_same_type_root,field_set,Root,ctdc_engine_exact_ordered,CtdcPolicyEngine,BaselineAsFound,ReportsDifferent
4.2.0,field_set_permute_same_type_root,field_set,Root,ctdc_engine_exact_by_position,CtdcPolicyEngine,DriftedAsFound,ReportsEqual
4.2.0,field_set_permute_same_type_root,field_set,Root,ctdc_engine_exact_by_position,CtdcPolicyEngine,BaselineAsFound,ReportsEqual
4.2.0,field_set_permute_same_type_root,field_set,Root,ctdc_engine_backward,CtdcPolicyEngine,DriftedAsFound,ReportsEqual
4.2.0,field_set_permute_same_type_root,field_set,Root,ctdc_engine_backward,CtdcPolicyEngine,BaselineAsFound,ReportsEqual
4.2.0,field_set_permute_same_type_root,field_set,Root,ctdc_engine_forward,CtdcPolicyEngine,DriftedAsFound,ReportsEqual
4.2.0,field_set_permute_same_type_root,field_set,Root,ctdc_engine_forward,CtdcPolicyEngine,BaselineAsFound,ReportsEqual
4.2.0,field_set_permute_same_type_root,field_set,Root,avro_reader_writer_resolution,AvroResolution,DriftedAsFound,ReportsEqual
4.2.0,field_set_permute_same_type_root,field_set,Root,avro_reader_writer_resolution,AvroResolution,BaselineAsFound,ReportsEqual
4.2.0,field_set_permute_same_type_nested,field_set,Nested,spark_equals,Spark,DriftedAsFound,ReportsDifferent
4.2.0,field_set_permute_same_type_nested,field_set,Nested,spark_equals,Spark,BaselineAsFound,ReportsDifferent
4.2.0,field_set_permute_same_type_nested,field_set,Nested,spark_same_type,Spark,DriftedAsFound,ReportsDifferent
4.2.0,field_set_permute_same_type_nested,field_set,Nested,spark_same_type,Spark,BaselineAsFound,ReportsDifferent
4.2.0,field_set_permute_same_type_nested,field_set,Nested,spark_equals_ignore_nullability,Spark,DriftedAsFound,ReportsDifferent
4.2.0,field_set_permute_same_type_nested,field_set,Nested,spark_equals_ignore_nullability,Spark,BaselineAsFound,ReportsDifferent
4.2.0,field_set_permute_same_type_nested,field_set,Nested,spark_equals_ignore_case_and_nullability,Spark,DriftedAsFound,ReportsDifferent
4.2.0,field_set_permute_same_type_nested,field_set,Nested,spark_equals_ignore_case_and_nullability,Spark,BaselineAsFound,ReportsDifferent
4.2.0,field_set_permute_same_type_nested,field_set,Nested,spark_equals_ignore_compatible_nullability,Spark,DriftedAsFound,ReportsDifferent
4.2.0,field_set_permute_same_type_nested,field_set,Nested,spark_equals_ignore_compatible_nullability,Spark,BaselineAsFound,ReportsDifferent
4.2.0,field_set_permute_same_type_nested,field_set,Nested,spark_equals_ignore_name_and_compatible_nullability,Spark,DriftedAsFound,ReportsEqual
4.2.0,field_set_permute_same_type_nested,field_set,Nested,spark_equals_ignore_name_and_compatible_nullability,Spark,BaselineAsFound,ReportsEqual
4.2.0,field_set_permute_same_type_nested,field_set,Nested,spark_equals_structurally_strict,Spark,DriftedAsFound,ReportsEqual
4.2.0,field_set_permute_same_type_nested,field_set,Nested,spark_equals_structurally_strict,Spark,BaselineAsFound,ReportsEqual
4.2.0,field_set_permute_same_type_nested,field_set,Nested,spark_equals_structurally_ignore_nullability,Spark,DriftedAsFound,ReportsEqual
4.2.0,field_set_permute_same_type_nested,field_set,Nested,spark_equals_structurally_ignore_nullability,Spark,BaselineAsFound,ReportsEqual
4.2.0,field_set_permute_same_type_nested,field_set,Nested,spark_equals_structurally_by_name_cs,Spark,DriftedAsFound,ReportsDifferent
4.2.0,field_set_permute_same_type_nested,field_set,Nested,spark_equals_structurally_by_name_cs,Spark,BaselineAsFound,ReportsDifferent
4.2.0,field_set_permute_same_type_nested,field_set,Nested,spark_equals_structurally_by_name_ci,Spark,DriftedAsFound,ReportsDifferent
4.2.0,field_set_permute_same_type_nested,field_set,Nested,spark_equals_structurally_by_name_ci,Spark,BaselineAsFound,ReportsDifferent
4.2.0,field_set_permute_same_type_nested,field_set,Nested,ctdc_rt_exact,CtdcRuntime,DriftedAsFound,ReportsEqual
4.2.0,field_set_permute_same_type_nested,field_set,Nested,ctdc_rt_exact,CtdcRuntime,BaselineAsFound,ReportsEqual
4.2.0,field_set_permute_same_type_nested,field_set,Nested,ctdc_rt_exact_unordered_ci,CtdcRuntime,DriftedAsFound,ReportsEqual
4.2.0,field_set_permute_same_type_nested,field_set,Nested,ctdc_rt_exact_unordered_ci,CtdcRuntime,BaselineAsFound,ReportsEqual
4.2.0,field_set_permute_same_type_nested,field_set,Nested,ctdc_rt_exact_ordered,CtdcRuntime,DriftedAsFound,ReportsDifferent
4.2.0,field_set_permute_same_type_nested,field_set,Nested,ctdc_rt_exact_ordered,CtdcRuntime,BaselineAsFound,ReportsDifferent
4.2.0,field_set_permute_same_type_nested,field_set,Nested,ctdc_rt_exact_by_position,CtdcRuntime,DriftedAsFound,ReportsEqual
4.2.0,field_set_permute_same_type_nested,field_set,Nested,ctdc_rt_exact_by_position,CtdcRuntime,BaselineAsFound,ReportsEqual
4.2.0,field_set_permute_same_type_nested,field_set,Nested,ctdc_rt_backward,CtdcRuntime,DriftedAsFound,ReportsEqual
4.2.0,field_set_permute_same_type_nested,field_set,Nested,ctdc_rt_backward,CtdcRuntime,BaselineAsFound,ReportsEqual
4.2.0,field_set_permute_same_type_nested,field_set,Nested,ctdc_rt_forward,CtdcRuntime,DriftedAsFound,ReportsEqual
4.2.0,field_set_permute_same_type_nested,field_set,Nested,ctdc_rt_forward,CtdcRuntime,BaselineAsFound,ReportsEqual
4.2.0,field_set_permute_same_type_nested,field_set,Nested,ctdc_engine_exact,CtdcPolicyEngine,DriftedAsFound,ReportsEqual
4.2.0,field_set_permute_same_type_nested,field_set,Nested,ctdc_engine_exact,CtdcPolicyEngine,BaselineAsFound,ReportsEqual
4.2.0,field_set_permute_same_type_nested,field_set,Nested,ctdc_engine_exact_unordered_ci,CtdcPolicyEngine,DriftedAsFound,ReportsEqual
4.2.0,field_set_permute_same_type_nested,field_set,Nested,ctdc_engine_exact_unordered_ci,CtdcPolicyEngine,BaselineAsFound,ReportsEqual
4.2.0,field_set_permute_same_type_nested,field_set,Nested,ctdc_engine_exact_ordered,CtdcPolicyEngine,DriftedAsFound,ReportsDifferent
4.2.0,field_set_permute_same_type_nested,field_set,Nested,ctdc_engine_exact_ordered,CtdcPolicyEngine,BaselineAsFound,ReportsDifferent
4.2.0,field_set_permute_same_type_nested,field_set,Nested,ctdc_engine_exact_by_position,CtdcPolicyEngine,DriftedAsFound,ReportsEqual
4.2.0,field_set_permute_same_type_nested,field_set,Nested,ctdc_engine_exact_by_position,CtdcPolicyEngine,BaselineAsFound,ReportsEqual
4.2.0,field_set_permute_same_type_nested,field_set,Nested,ctdc_engine_backward,CtdcPolicyEngine,DriftedAsFound,ReportsEqual
4.2.0,field_set_permute_same_type_nested,field_set,Nested,ctdc_engine_backward,CtdcPolicyEngine,BaselineAsFound,ReportsEqual
4.2.0,field_set_permute_same_type_nested,field_set,Nested,ctdc_engine_forward,CtdcPolicyEngine,DriftedAsFound,ReportsEqual
4.2.0,field_set_permute_same_type_nested,field_set,Nested,ctdc_engine_forward,CtdcPolicyEngine,BaselineAsFound,ReportsEqual
4.2.0,field_set_permute_same_type_nested,field_set,Nested,avro_reader_writer_resolution,AvroResolution,DriftedAsFound,ReportsEqual
4.2.0,field_set_permute_same_type_nested,field_set,Nested,avro_reader_writer_resolution,AvroResolution,BaselineAsFound,ReportsEqual
4.2.0,field_set_replace_root,field_set,Root,spark_equals,Spark,DriftedAsFound,ReportsDifferent
4.2.0,field_set_replace_root,field_set,Root,spark_equals,Spark,BaselineAsFound,ReportsDifferent
4.2.0,field_set_replace_root,field_set,Root,spark_same_type,Spark,DriftedAsFound,ReportsDifferent
4.2.0,field_set_replace_root,field_set,Root,spark_same_type,Spark,BaselineAsFound,ReportsDifferent
4.2.0,field_set_replace_root,field_set,Root,spark_equals_ignore_nullability,Spark,DriftedAsFound,ReportsDifferent
4.2.0,field_set_replace_root,field_set,Root,spark_equals_ignore_nullability,Spark,BaselineAsFound,ReportsDifferent
4.2.0,field_set_replace_root,field_set,Root,spark_equals_ignore_case_and_nullability,Spark,DriftedAsFound,ReportsDifferent
4.2.0,field_set_replace_root,field_set,Root,spark_equals_ignore_case_and_nullability,Spark,BaselineAsFound,ReportsDifferent
4.2.0,field_set_replace_root,field_set,Root,spark_equals_ignore_compatible_nullability,Spark,DriftedAsFound,ReportsDifferent
4.2.0,field_set_replace_root,field_set,Root,spark_equals_ignore_compatible_nullability,Spark,BaselineAsFound,ReportsDifferent
4.2.0,field_set_replace_root,field_set,Root,spark_equals_ignore_name_and_compatible_nullability,Spark,DriftedAsFound,ReportsDifferent
4.2.0,field_set_replace_root,field_set,Root,spark_equals_ignore_name_and_compatible_nullability,Spark,BaselineAsFound,ReportsDifferent
4.2.0,field_set_replace_root,field_set,Root,spark_equals_structurally_strict,Spark,DriftedAsFound,ReportsDifferent
4.2.0,field_set_replace_root,field_set,Root,spark_equals_structurally_strict,Spark,BaselineAsFound,ReportsDifferent
4.2.0,field_set_replace_root,field_set,Root,spark_equals_structurally_ignore_nullability,Spark,DriftedAsFound,ReportsDifferent
4.2.0,field_set_replace_root,field_set,Root,spark_equals_structurally_ignore_nullability,Spark,BaselineAsFound,ReportsDifferent
4.2.0,field_set_replace_root,field_set,Root,spark_equals_structurally_by_name_cs,Spark,DriftedAsFound,ReportsDifferent
4.2.0,field_set_replace_root,field_set,Root,spark_equals_structurally_by_name_cs,Spark,BaselineAsFound,ReportsDifferent
4.2.0,field_set_replace_root,field_set,Root,spark_equals_structurally_by_name_ci,Spark,DriftedAsFound,ReportsDifferent
4.2.0,field_set_replace_root,field_set,Root,spark_equals_structurally_by_name_ci,Spark,BaselineAsFound,ReportsDifferent
4.2.0,field_set_replace_root,field_set,Root,ctdc_rt_exact,CtdcRuntime,DriftedAsFound,ReportsDifferent
4.2.0,field_set_replace_root,field_set,Root,ctdc_rt_exact,CtdcRuntime,BaselineAsFound,ReportsDifferent
4.2.0,field_set_replace_root,field_set,Root,ctdc_rt_exact_unordered_ci,CtdcRuntime,DriftedAsFound,ReportsDifferent
4.2.0,field_set_replace_root,field_set,Root,ctdc_rt_exact_unordered_ci,CtdcRuntime,BaselineAsFound,ReportsDifferent
4.2.0,field_set_replace_root,field_set,Root,ctdc_rt_exact_ordered,CtdcRuntime,DriftedAsFound,ReportsDifferent
4.2.0,field_set_replace_root,field_set,Root,ctdc_rt_exact_ordered,CtdcRuntime,BaselineAsFound,ReportsDifferent
4.2.0,field_set_replace_root,field_set,Root,ctdc_rt_exact_by_position,CtdcRuntime,DriftedAsFound,ReportsDifferent
4.2.0,field_set_replace_root,field_set,Root,ctdc_rt_exact_by_position,CtdcRuntime,BaselineAsFound,ReportsDifferent
4.2.0,field_set_replace_root,field_set,Root,ctdc_rt_backward,CtdcRuntime,DriftedAsFound,ReportsDifferent
4.2.0,field_set_replace_root,field_set,Root,ctdc_rt_backward,CtdcRuntime,BaselineAsFound,ReportsDifferent
4.2.0,field_set_replace_root,field_set,Root,ctdc_rt_forward,CtdcRuntime,DriftedAsFound,ReportsDifferent
4.2.0,field_set_replace_root,field_set,Root,ctdc_rt_forward,CtdcRuntime,BaselineAsFound,ReportsDifferent
4.2.0,field_set_replace_root,field_set,Root,ctdc_engine_exact,CtdcPolicyEngine,DriftedAsFound,ReportsDifferent
4.2.0,field_set_replace_root,field_set,Root,ctdc_engine_exact,CtdcPolicyEngine,BaselineAsFound,ReportsDifferent
4.2.0,field_set_replace_root,field_set,Root,ctdc_engine_exact_unordered_ci,CtdcPolicyEngine,DriftedAsFound,ReportsDifferent
4.2.0,field_set_replace_root,field_set,Root,ctdc_engine_exact_unordered_ci,CtdcPolicyEngine,BaselineAsFound,ReportsDifferent
4.2.0,field_set_replace_root,field_set,Root,ctdc_engine_exact_ordered,CtdcPolicyEngine,DriftedAsFound,ReportsDifferent
4.2.0,field_set_replace_root,field_set,Root,ctdc_engine_exact_ordered,CtdcPolicyEngine,BaselineAsFound,ReportsDifferent
4.2.0,field_set_replace_root,field_set,Root,ctdc_engine_exact_by_position,CtdcPolicyEngine,DriftedAsFound,ReportsDifferent
4.2.0,field_set_replace_root,field_set,Root,ctdc_engine_exact_by_position,CtdcPolicyEngine,BaselineAsFound,ReportsDifferent
4.2.0,field_set_replace_root,field_set,Root,ctdc_engine_backward,CtdcPolicyEngine,DriftedAsFound,ReportsDifferent
4.2.0,field_set_replace_root,field_set,Root,ctdc_engine_backward,CtdcPolicyEngine,BaselineAsFound,ReportsDifferent
4.2.0,field_set_replace_root,field_set,Root,ctdc_engine_forward,CtdcPolicyEngine,DriftedAsFound,ReportsDifferent
4.2.0,field_set_replace_root,field_set,Root,ctdc_engine_forward,CtdcPolicyEngine,BaselineAsFound,ReportsDifferent
4.2.0,field_set_replace_root,field_set,Root,avro_reader_writer_resolution,AvroResolution,DriftedAsFound,ReportsDifferent
4.2.0,field_set_replace_root,field_set,Root,avro_reader_writer_resolution,AvroResolution,BaselineAsFound,ReportsDifferent
4.2.0,field_set_replace_nested,field_set,Nested,spark_equals,Spark,DriftedAsFound,ReportsDifferent
4.2.0,field_set_replace_nested,field_set,Nested,spark_equals,Spark,BaselineAsFound,ReportsDifferent
4.2.0,field_set_replace_nested,field_set,Nested,spark_same_type,Spark,DriftedAsFound,ReportsDifferent
4.2.0,field_set_replace_nested,field_set,Nested,spark_same_type,Spark,BaselineAsFound,ReportsDifferent
4.2.0,field_set_replace_nested,field_set,Nested,spark_equals_ignore_nullability,Spark,DriftedAsFound,ReportsDifferent
4.2.0,field_set_replace_nested,field_set,Nested,spark_equals_ignore_nullability,Spark,BaselineAsFound,ReportsDifferent
4.2.0,field_set_replace_nested,field_set,Nested,spark_equals_ignore_case_and_nullability,Spark,DriftedAsFound,ReportsDifferent
4.2.0,field_set_replace_nested,field_set,Nested,spark_equals_ignore_case_and_nullability,Spark,BaselineAsFound,ReportsDifferent
4.2.0,field_set_replace_nested,field_set,Nested,spark_equals_ignore_compatible_nullability,Spark,DriftedAsFound,ReportsDifferent
4.2.0,field_set_replace_nested,field_set,Nested,spark_equals_ignore_compatible_nullability,Spark,BaselineAsFound,ReportsDifferent
4.2.0,field_set_replace_nested,field_set,Nested,spark_equals_ignore_name_and_compatible_nullability,Spark,DriftedAsFound,ReportsDifferent
4.2.0,field_set_replace_nested,field_set,Nested,spark_equals_ignore_name_and_compatible_nullability,Spark,BaselineAsFound,ReportsDifferent
4.2.0,field_set_replace_nested,field_set,Nested,spark_equals_structurally_strict,Spark,DriftedAsFound,ReportsDifferent
4.2.0,field_set_replace_nested,field_set,Nested,spark_equals_structurally_strict,Spark,BaselineAsFound,ReportsDifferent
4.2.0,field_set_replace_nested,field_set,Nested,spark_equals_structurally_ignore_nullability,Spark,DriftedAsFound,ReportsDifferent
4.2.0,field_set_replace_nested,field_set,Nested,spark_equals_structurally_ignore_nullability,Spark,BaselineAsFound,ReportsDifferent
4.2.0,field_set_replace_nested,field_set,Nested,spark_equals_structurally_by_name_cs,Spark,DriftedAsFound,ReportsDifferent
4.2.0,field_set_replace_nested,field_set,Nested,spark_equals_structurally_by_name_cs,Spark,BaselineAsFound,ReportsDifferent
4.2.0,field_set_replace_nested,field_set,Nested,spark_equals_structurally_by_name_ci,Spark,DriftedAsFound,ReportsDifferent
4.2.0,field_set_replace_nested,field_set,Nested,spark_equals_structurally_by_name_ci,Spark,BaselineAsFound,ReportsDifferent
4.2.0,field_set_replace_nested,field_set,Nested,ctdc_rt_exact,CtdcRuntime,DriftedAsFound,ReportsDifferent
4.2.0,field_set_replace_nested,field_set,Nested,ctdc_rt_exact,CtdcRuntime,BaselineAsFound,ReportsDifferent
4.2.0,field_set_replace_nested,field_set,Nested,ctdc_rt_exact_unordered_ci,CtdcRuntime,DriftedAsFound,ReportsDifferent
4.2.0,field_set_replace_nested,field_set,Nested,ctdc_rt_exact_unordered_ci,CtdcRuntime,BaselineAsFound,ReportsDifferent
4.2.0,field_set_replace_nested,field_set,Nested,ctdc_rt_exact_ordered,CtdcRuntime,DriftedAsFound,ReportsDifferent
4.2.0,field_set_replace_nested,field_set,Nested,ctdc_rt_exact_ordered,CtdcRuntime,BaselineAsFound,ReportsDifferent
4.2.0,field_set_replace_nested,field_set,Nested,ctdc_rt_exact_by_position,CtdcRuntime,DriftedAsFound,ReportsDifferent
4.2.0,field_set_replace_nested,field_set,Nested,ctdc_rt_exact_by_position,CtdcRuntime,BaselineAsFound,ReportsDifferent
4.2.0,field_set_replace_nested,field_set,Nested,ctdc_rt_backward,CtdcRuntime,DriftedAsFound,ReportsDifferent
4.2.0,field_set_replace_nested,field_set,Nested,ctdc_rt_backward,CtdcRuntime,BaselineAsFound,ReportsDifferent
4.2.0,field_set_replace_nested,field_set,Nested,ctdc_rt_forward,CtdcRuntime,DriftedAsFound,ReportsDifferent
4.2.0,field_set_replace_nested,field_set,Nested,ctdc_rt_forward,CtdcRuntime,BaselineAsFound,ReportsDifferent
4.2.0,field_set_replace_nested,field_set,Nested,ctdc_engine_exact,CtdcPolicyEngine,DriftedAsFound,ReportsDifferent
4.2.0,field_set_replace_nested,field_set,Nested,ctdc_engine_exact,CtdcPolicyEngine,BaselineAsFound,ReportsDifferent
4.2.0,field_set_replace_nested,field_set,Nested,ctdc_engine_exact_unordered_ci,CtdcPolicyEngine,DriftedAsFound,ReportsDifferent
4.2.0,field_set_replace_nested,field_set,Nested,ctdc_engine_exact_unordered_ci,CtdcPolicyEngine,BaselineAsFound,ReportsDifferent
4.2.0,field_set_replace_nested,field_set,Nested,ctdc_engine_exact_ordered,CtdcPolicyEngine,DriftedAsFound,ReportsDifferent
4.2.0,field_set_replace_nested,field_set,Nested,ctdc_engine_exact_ordered,CtdcPolicyEngine,BaselineAsFound,ReportsDifferent
4.2.0,field_set_replace_nested,field_set,Nested,ctdc_engine_exact_by_position,CtdcPolicyEngine,DriftedAsFound,ReportsDifferent
4.2.0,field_set_replace_nested,field_set,Nested,ctdc_engine_exact_by_position,CtdcPolicyEngine,BaselineAsFound,ReportsDifferent
4.2.0,field_set_replace_nested,field_set,Nested,ctdc_engine_backward,CtdcPolicyEngine,DriftedAsFound,ReportsDifferent
4.2.0,field_set_replace_nested,field_set,Nested,ctdc_engine_backward,CtdcPolicyEngine,BaselineAsFound,ReportsDifferent
4.2.0,field_set_replace_nested,field_set,Nested,ctdc_engine_forward,CtdcPolicyEngine,DriftedAsFound,ReportsDifferent
4.2.0,field_set_replace_nested,field_set,Nested,ctdc_engine_forward,CtdcPolicyEngine,BaselineAsFound,ReportsDifferent
4.2.0,field_set_replace_nested,field_set,Nested,avro_reader_writer_resolution,AvroResolution,DriftedAsFound,ReportsDifferent
4.2.0,field_set_replace_nested,field_set,Nested,avro_reader_writer_resolution,AvroResolution,BaselineAsFound,ReportsDifferent
4.2.0,field_name_rename_root,field_name,Root,spark_equals,Spark,DriftedAsFound,ReportsDifferent
4.2.0,field_name_rename_root,field_name,Root,spark_equals,Spark,BaselineAsFound,ReportsDifferent
4.2.0,field_name_rename_root,field_name,Root,spark_same_type,Spark,DriftedAsFound,ReportsDifferent
4.2.0,field_name_rename_root,field_name,Root,spark_same_type,Spark,BaselineAsFound,ReportsDifferent
4.2.0,field_name_rename_root,field_name,Root,spark_equals_ignore_nullability,Spark,DriftedAsFound,ReportsDifferent
4.2.0,field_name_rename_root,field_name,Root,spark_equals_ignore_nullability,Spark,BaselineAsFound,ReportsDifferent
4.2.0,field_name_rename_root,field_name,Root,spark_equals_ignore_case_and_nullability,Spark,DriftedAsFound,ReportsDifferent
4.2.0,field_name_rename_root,field_name,Root,spark_equals_ignore_case_and_nullability,Spark,BaselineAsFound,ReportsDifferent
4.2.0,field_name_rename_root,field_name,Root,spark_equals_ignore_compatible_nullability,Spark,DriftedAsFound,ReportsDifferent
4.2.0,field_name_rename_root,field_name,Root,spark_equals_ignore_compatible_nullability,Spark,BaselineAsFound,ReportsDifferent
4.2.0,field_name_rename_root,field_name,Root,spark_equals_ignore_name_and_compatible_nullability,Spark,DriftedAsFound,ReportsEqual
4.2.0,field_name_rename_root,field_name,Root,spark_equals_ignore_name_and_compatible_nullability,Spark,BaselineAsFound,ReportsEqual
4.2.0,field_name_rename_root,field_name,Root,spark_equals_structurally_strict,Spark,DriftedAsFound,ReportsEqual
4.2.0,field_name_rename_root,field_name,Root,spark_equals_structurally_strict,Spark,BaselineAsFound,ReportsEqual
4.2.0,field_name_rename_root,field_name,Root,spark_equals_structurally_ignore_nullability,Spark,DriftedAsFound,ReportsEqual
4.2.0,field_name_rename_root,field_name,Root,spark_equals_structurally_ignore_nullability,Spark,BaselineAsFound,ReportsEqual
4.2.0,field_name_rename_root,field_name,Root,spark_equals_structurally_by_name_cs,Spark,DriftedAsFound,ReportsDifferent
4.2.0,field_name_rename_root,field_name,Root,spark_equals_structurally_by_name_cs,Spark,BaselineAsFound,ReportsDifferent
4.2.0,field_name_rename_root,field_name,Root,spark_equals_structurally_by_name_ci,Spark,DriftedAsFound,ReportsDifferent
4.2.0,field_name_rename_root,field_name,Root,spark_equals_structurally_by_name_ci,Spark,BaselineAsFound,ReportsDifferent
4.2.0,field_name_rename_root,field_name,Root,ctdc_rt_exact,CtdcRuntime,DriftedAsFound,ReportsDifferent
4.2.0,field_name_rename_root,field_name,Root,ctdc_rt_exact,CtdcRuntime,BaselineAsFound,ReportsDifferent
4.2.0,field_name_rename_root,field_name,Root,ctdc_rt_exact_unordered_ci,CtdcRuntime,DriftedAsFound,ReportsDifferent
4.2.0,field_name_rename_root,field_name,Root,ctdc_rt_exact_unordered_ci,CtdcRuntime,BaselineAsFound,ReportsDifferent
4.2.0,field_name_rename_root,field_name,Root,ctdc_rt_exact_ordered,CtdcRuntime,DriftedAsFound,ReportsDifferent
4.2.0,field_name_rename_root,field_name,Root,ctdc_rt_exact_ordered,CtdcRuntime,BaselineAsFound,ReportsDifferent
4.2.0,field_name_rename_root,field_name,Root,ctdc_rt_exact_by_position,CtdcRuntime,DriftedAsFound,ReportsEqual
4.2.0,field_name_rename_root,field_name,Root,ctdc_rt_exact_by_position,CtdcRuntime,BaselineAsFound,ReportsEqual
4.2.0,field_name_rename_root,field_name,Root,ctdc_rt_backward,CtdcRuntime,DriftedAsFound,ReportsDifferent
4.2.0,field_name_rename_root,field_name,Root,ctdc_rt_backward,CtdcRuntime,BaselineAsFound,ReportsDifferent
4.2.0,field_name_rename_root,field_name,Root,ctdc_rt_forward,CtdcRuntime,DriftedAsFound,ReportsDifferent
4.2.0,field_name_rename_root,field_name,Root,ctdc_rt_forward,CtdcRuntime,BaselineAsFound,ReportsDifferent
4.2.0,field_name_rename_root,field_name,Root,ctdc_engine_exact,CtdcPolicyEngine,DriftedAsFound,ReportsDifferent
4.2.0,field_name_rename_root,field_name,Root,ctdc_engine_exact,CtdcPolicyEngine,BaselineAsFound,ReportsDifferent
4.2.0,field_name_rename_root,field_name,Root,ctdc_engine_exact_unordered_ci,CtdcPolicyEngine,DriftedAsFound,ReportsDifferent
4.2.0,field_name_rename_root,field_name,Root,ctdc_engine_exact_unordered_ci,CtdcPolicyEngine,BaselineAsFound,ReportsDifferent
4.2.0,field_name_rename_root,field_name,Root,ctdc_engine_exact_ordered,CtdcPolicyEngine,DriftedAsFound,ReportsDifferent
4.2.0,field_name_rename_root,field_name,Root,ctdc_engine_exact_ordered,CtdcPolicyEngine,BaselineAsFound,ReportsDifferent
4.2.0,field_name_rename_root,field_name,Root,ctdc_engine_exact_by_position,CtdcPolicyEngine,DriftedAsFound,ReportsEqual
4.2.0,field_name_rename_root,field_name,Root,ctdc_engine_exact_by_position,CtdcPolicyEngine,BaselineAsFound,ReportsEqual
4.2.0,field_name_rename_root,field_name,Root,ctdc_engine_backward,CtdcPolicyEngine,DriftedAsFound,ReportsDifferent
4.2.0,field_name_rename_root,field_name,Root,ctdc_engine_backward,CtdcPolicyEngine,BaselineAsFound,ReportsDifferent
4.2.0,field_name_rename_root,field_name,Root,ctdc_engine_forward,CtdcPolicyEngine,DriftedAsFound,ReportsDifferent
4.2.0,field_name_rename_root,field_name,Root,ctdc_engine_forward,CtdcPolicyEngine,BaselineAsFound,ReportsDifferent
4.2.0,field_name_rename_root,field_name,Root,avro_reader_writer_resolution,AvroResolution,DriftedAsFound,ReportsDifferent
4.2.0,field_name_rename_root,field_name,Root,avro_reader_writer_resolution,AvroResolution,BaselineAsFound,ReportsDifferent
4.2.0,field_name_rename_nested,field_name,Nested,spark_equals,Spark,DriftedAsFound,ReportsDifferent
4.2.0,field_name_rename_nested,field_name,Nested,spark_equals,Spark,BaselineAsFound,ReportsDifferent
4.2.0,field_name_rename_nested,field_name,Nested,spark_same_type,Spark,DriftedAsFound,ReportsDifferent
4.2.0,field_name_rename_nested,field_name,Nested,spark_same_type,Spark,BaselineAsFound,ReportsDifferent
4.2.0,field_name_rename_nested,field_name,Nested,spark_equals_ignore_nullability,Spark,DriftedAsFound,ReportsDifferent
4.2.0,field_name_rename_nested,field_name,Nested,spark_equals_ignore_nullability,Spark,BaselineAsFound,ReportsDifferent
4.2.0,field_name_rename_nested,field_name,Nested,spark_equals_ignore_case_and_nullability,Spark,DriftedAsFound,ReportsDifferent
4.2.0,field_name_rename_nested,field_name,Nested,spark_equals_ignore_case_and_nullability,Spark,BaselineAsFound,ReportsDifferent
4.2.0,field_name_rename_nested,field_name,Nested,spark_equals_ignore_compatible_nullability,Spark,DriftedAsFound,ReportsDifferent
4.2.0,field_name_rename_nested,field_name,Nested,spark_equals_ignore_compatible_nullability,Spark,BaselineAsFound,ReportsDifferent
4.2.0,field_name_rename_nested,field_name,Nested,spark_equals_ignore_name_and_compatible_nullability,Spark,DriftedAsFound,ReportsEqual
4.2.0,field_name_rename_nested,field_name,Nested,spark_equals_ignore_name_and_compatible_nullability,Spark,BaselineAsFound,ReportsEqual
4.2.0,field_name_rename_nested,field_name,Nested,spark_equals_structurally_strict,Spark,DriftedAsFound,ReportsEqual
4.2.0,field_name_rename_nested,field_name,Nested,spark_equals_structurally_strict,Spark,BaselineAsFound,ReportsEqual
4.2.0,field_name_rename_nested,field_name,Nested,spark_equals_structurally_ignore_nullability,Spark,DriftedAsFound,ReportsEqual
4.2.0,field_name_rename_nested,field_name,Nested,spark_equals_structurally_ignore_nullability,Spark,BaselineAsFound,ReportsEqual
4.2.0,field_name_rename_nested,field_name,Nested,spark_equals_structurally_by_name_cs,Spark,DriftedAsFound,ReportsDifferent
4.2.0,field_name_rename_nested,field_name,Nested,spark_equals_structurally_by_name_cs,Spark,BaselineAsFound,ReportsDifferent
4.2.0,field_name_rename_nested,field_name,Nested,spark_equals_structurally_by_name_ci,Spark,DriftedAsFound,ReportsDifferent
4.2.0,field_name_rename_nested,field_name,Nested,spark_equals_structurally_by_name_ci,Spark,BaselineAsFound,ReportsDifferent
4.2.0,field_name_rename_nested,field_name,Nested,ctdc_rt_exact,CtdcRuntime,DriftedAsFound,ReportsDifferent
4.2.0,field_name_rename_nested,field_name,Nested,ctdc_rt_exact,CtdcRuntime,BaselineAsFound,ReportsDifferent
4.2.0,field_name_rename_nested,field_name,Nested,ctdc_rt_exact_unordered_ci,CtdcRuntime,DriftedAsFound,ReportsDifferent
4.2.0,field_name_rename_nested,field_name,Nested,ctdc_rt_exact_unordered_ci,CtdcRuntime,BaselineAsFound,ReportsDifferent
4.2.0,field_name_rename_nested,field_name,Nested,ctdc_rt_exact_ordered,CtdcRuntime,DriftedAsFound,ReportsDifferent
4.2.0,field_name_rename_nested,field_name,Nested,ctdc_rt_exact_ordered,CtdcRuntime,BaselineAsFound,ReportsDifferent
4.2.0,field_name_rename_nested,field_name,Nested,ctdc_rt_exact_by_position,CtdcRuntime,DriftedAsFound,ReportsEqual
4.2.0,field_name_rename_nested,field_name,Nested,ctdc_rt_exact_by_position,CtdcRuntime,BaselineAsFound,ReportsEqual
4.2.0,field_name_rename_nested,field_name,Nested,ctdc_rt_backward,CtdcRuntime,DriftedAsFound,ReportsDifferent
4.2.0,field_name_rename_nested,field_name,Nested,ctdc_rt_backward,CtdcRuntime,BaselineAsFound,ReportsDifferent
4.2.0,field_name_rename_nested,field_name,Nested,ctdc_rt_forward,CtdcRuntime,DriftedAsFound,ReportsDifferent
4.2.0,field_name_rename_nested,field_name,Nested,ctdc_rt_forward,CtdcRuntime,BaselineAsFound,ReportsDifferent
4.2.0,field_name_rename_nested,field_name,Nested,ctdc_engine_exact,CtdcPolicyEngine,DriftedAsFound,ReportsDifferent
4.2.0,field_name_rename_nested,field_name,Nested,ctdc_engine_exact,CtdcPolicyEngine,BaselineAsFound,ReportsDifferent
4.2.0,field_name_rename_nested,field_name,Nested,ctdc_engine_exact_unordered_ci,CtdcPolicyEngine,DriftedAsFound,ReportsDifferent
4.2.0,field_name_rename_nested,field_name,Nested,ctdc_engine_exact_unordered_ci,CtdcPolicyEngine,BaselineAsFound,ReportsDifferent
4.2.0,field_name_rename_nested,field_name,Nested,ctdc_engine_exact_ordered,CtdcPolicyEngine,DriftedAsFound,ReportsDifferent
4.2.0,field_name_rename_nested,field_name,Nested,ctdc_engine_exact_ordered,CtdcPolicyEngine,BaselineAsFound,ReportsDifferent
4.2.0,field_name_rename_nested,field_name,Nested,ctdc_engine_exact_by_position,CtdcPolicyEngine,DriftedAsFound,ReportsEqual
4.2.0,field_name_rename_nested,field_name,Nested,ctdc_engine_exact_by_position,CtdcPolicyEngine,BaselineAsFound,ReportsEqual
4.2.0,field_name_rename_nested,field_name,Nested,ctdc_engine_backward,CtdcPolicyEngine,DriftedAsFound,ReportsDifferent
4.2.0,field_name_rename_nested,field_name,Nested,ctdc_engine_backward,CtdcPolicyEngine,BaselineAsFound,ReportsDifferent
4.2.0,field_name_rename_nested,field_name,Nested,ctdc_engine_forward,CtdcPolicyEngine,DriftedAsFound,ReportsDifferent
4.2.0,field_name_rename_nested,field_name,Nested,ctdc_engine_forward,CtdcPolicyEngine,BaselineAsFound,ReportsDifferent
4.2.0,field_name_rename_nested,field_name,Nested,avro_reader_writer_resolution,AvroResolution,DriftedAsFound,ReportsDifferent
4.2.0,field_name_rename_nested,field_name,Nested,avro_reader_writer_resolution,AvroResolution,BaselineAsFound,ReportsDifferent
4.2.0,field_name_recase_root,field_name,Root,spark_equals,Spark,DriftedAsFound,ReportsDifferent
4.2.0,field_name_recase_root,field_name,Root,spark_equals,Spark,BaselineAsFound,ReportsDifferent
4.2.0,field_name_recase_root,field_name,Root,spark_same_type,Spark,DriftedAsFound,ReportsEqual
4.2.0,field_name_recase_root,field_name,Root,spark_same_type,Spark,BaselineAsFound,ReportsEqual
4.2.0,field_name_recase_root,field_name,Root,spark_equals_ignore_nullability,Spark,DriftedAsFound,ReportsDifferent
4.2.0,field_name_recase_root,field_name,Root,spark_equals_ignore_nullability,Spark,BaselineAsFound,ReportsDifferent
4.2.0,field_name_recase_root,field_name,Root,spark_equals_ignore_case_and_nullability,Spark,DriftedAsFound,ReportsEqual
4.2.0,field_name_recase_root,field_name,Root,spark_equals_ignore_case_and_nullability,Spark,BaselineAsFound,ReportsEqual
4.2.0,field_name_recase_root,field_name,Root,spark_equals_ignore_compatible_nullability,Spark,DriftedAsFound,ReportsDifferent
4.2.0,field_name_recase_root,field_name,Root,spark_equals_ignore_compatible_nullability,Spark,BaselineAsFound,ReportsDifferent
4.2.0,field_name_recase_root,field_name,Root,spark_equals_ignore_name_and_compatible_nullability,Spark,DriftedAsFound,ReportsEqual
4.2.0,field_name_recase_root,field_name,Root,spark_equals_ignore_name_and_compatible_nullability,Spark,BaselineAsFound,ReportsEqual
4.2.0,field_name_recase_root,field_name,Root,spark_equals_structurally_strict,Spark,DriftedAsFound,ReportsEqual
4.2.0,field_name_recase_root,field_name,Root,spark_equals_structurally_strict,Spark,BaselineAsFound,ReportsEqual
4.2.0,field_name_recase_root,field_name,Root,spark_equals_structurally_ignore_nullability,Spark,DriftedAsFound,ReportsEqual
4.2.0,field_name_recase_root,field_name,Root,spark_equals_structurally_ignore_nullability,Spark,BaselineAsFound,ReportsEqual
4.2.0,field_name_recase_root,field_name,Root,spark_equals_structurally_by_name_cs,Spark,DriftedAsFound,ReportsDifferent
4.2.0,field_name_recase_root,field_name,Root,spark_equals_structurally_by_name_cs,Spark,BaselineAsFound,ReportsDifferent
4.2.0,field_name_recase_root,field_name,Root,spark_equals_structurally_by_name_ci,Spark,DriftedAsFound,ReportsEqual
4.2.0,field_name_recase_root,field_name,Root,spark_equals_structurally_by_name_ci,Spark,BaselineAsFound,ReportsEqual
4.2.0,field_name_recase_root,field_name,Root,ctdc_rt_exact,CtdcRuntime,DriftedAsFound,ReportsDifferent
4.2.0,field_name_recase_root,field_name,Root,ctdc_rt_exact,CtdcRuntime,BaselineAsFound,ReportsDifferent
4.2.0,field_name_recase_root,field_name,Root,ctdc_rt_exact_unordered_ci,CtdcRuntime,DriftedAsFound,ReportsEqual
4.2.0,field_name_recase_root,field_name,Root,ctdc_rt_exact_unordered_ci,CtdcRuntime,BaselineAsFound,ReportsEqual
4.2.0,field_name_recase_root,field_name,Root,ctdc_rt_exact_ordered,CtdcRuntime,DriftedAsFound,ReportsDifferent
4.2.0,field_name_recase_root,field_name,Root,ctdc_rt_exact_ordered,CtdcRuntime,BaselineAsFound,ReportsDifferent
4.2.0,field_name_recase_root,field_name,Root,ctdc_rt_exact_by_position,CtdcRuntime,DriftedAsFound,ReportsEqual
4.2.0,field_name_recase_root,field_name,Root,ctdc_rt_exact_by_position,CtdcRuntime,BaselineAsFound,ReportsEqual
4.2.0,field_name_recase_root,field_name,Root,ctdc_rt_backward,CtdcRuntime,DriftedAsFound,ReportsDifferent
4.2.0,field_name_recase_root,field_name,Root,ctdc_rt_backward,CtdcRuntime,BaselineAsFound,ReportsDifferent
4.2.0,field_name_recase_root,field_name,Root,ctdc_rt_forward,CtdcRuntime,DriftedAsFound,ReportsDifferent
4.2.0,field_name_recase_root,field_name,Root,ctdc_rt_forward,CtdcRuntime,BaselineAsFound,ReportsDifferent
4.2.0,field_name_recase_root,field_name,Root,ctdc_engine_exact,CtdcPolicyEngine,DriftedAsFound,ReportsDifferent
4.2.0,field_name_recase_root,field_name,Root,ctdc_engine_exact,CtdcPolicyEngine,BaselineAsFound,ReportsDifferent
4.2.0,field_name_recase_root,field_name,Root,ctdc_engine_exact_unordered_ci,CtdcPolicyEngine,DriftedAsFound,ReportsEqual
4.2.0,field_name_recase_root,field_name,Root,ctdc_engine_exact_unordered_ci,CtdcPolicyEngine,BaselineAsFound,ReportsEqual
4.2.0,field_name_recase_root,field_name,Root,ctdc_engine_exact_ordered,CtdcPolicyEngine,DriftedAsFound,ReportsDifferent
4.2.0,field_name_recase_root,field_name,Root,ctdc_engine_exact_ordered,CtdcPolicyEngine,BaselineAsFound,ReportsDifferent
4.2.0,field_name_recase_root,field_name,Root,ctdc_engine_exact_by_position,CtdcPolicyEngine,DriftedAsFound,ReportsEqual
4.2.0,field_name_recase_root,field_name,Root,ctdc_engine_exact_by_position,CtdcPolicyEngine,BaselineAsFound,ReportsEqual
4.2.0,field_name_recase_root,field_name,Root,ctdc_engine_backward,CtdcPolicyEngine,DriftedAsFound,ReportsDifferent
4.2.0,field_name_recase_root,field_name,Root,ctdc_engine_backward,CtdcPolicyEngine,BaselineAsFound,ReportsDifferent
4.2.0,field_name_recase_root,field_name,Root,ctdc_engine_forward,CtdcPolicyEngine,DriftedAsFound,ReportsDifferent
4.2.0,field_name_recase_root,field_name,Root,ctdc_engine_forward,CtdcPolicyEngine,BaselineAsFound,ReportsDifferent
4.2.0,field_name_recase_root,field_name,Root,avro_reader_writer_resolution,AvroResolution,DriftedAsFound,ReportsDifferent
4.2.0,field_name_recase_root,field_name,Root,avro_reader_writer_resolution,AvroResolution,BaselineAsFound,ReportsDifferent
4.2.0,field_name_recase_nested,field_name,Nested,spark_equals,Spark,DriftedAsFound,ReportsDifferent
4.2.0,field_name_recase_nested,field_name,Nested,spark_equals,Spark,BaselineAsFound,ReportsDifferent
4.2.0,field_name_recase_nested,field_name,Nested,spark_same_type,Spark,DriftedAsFound,ReportsEqual
4.2.0,field_name_recase_nested,field_name,Nested,spark_same_type,Spark,BaselineAsFound,ReportsEqual
4.2.0,field_name_recase_nested,field_name,Nested,spark_equals_ignore_nullability,Spark,DriftedAsFound,ReportsDifferent
4.2.0,field_name_recase_nested,field_name,Nested,spark_equals_ignore_nullability,Spark,BaselineAsFound,ReportsDifferent
4.2.0,field_name_recase_nested,field_name,Nested,spark_equals_ignore_case_and_nullability,Spark,DriftedAsFound,ReportsEqual
4.2.0,field_name_recase_nested,field_name,Nested,spark_equals_ignore_case_and_nullability,Spark,BaselineAsFound,ReportsEqual
4.2.0,field_name_recase_nested,field_name,Nested,spark_equals_ignore_compatible_nullability,Spark,DriftedAsFound,ReportsDifferent
4.2.0,field_name_recase_nested,field_name,Nested,spark_equals_ignore_compatible_nullability,Spark,BaselineAsFound,ReportsDifferent
4.2.0,field_name_recase_nested,field_name,Nested,spark_equals_ignore_name_and_compatible_nullability,Spark,DriftedAsFound,ReportsEqual
4.2.0,field_name_recase_nested,field_name,Nested,spark_equals_ignore_name_and_compatible_nullability,Spark,BaselineAsFound,ReportsEqual
4.2.0,field_name_recase_nested,field_name,Nested,spark_equals_structurally_strict,Spark,DriftedAsFound,ReportsEqual
4.2.0,field_name_recase_nested,field_name,Nested,spark_equals_structurally_strict,Spark,BaselineAsFound,ReportsEqual
4.2.0,field_name_recase_nested,field_name,Nested,spark_equals_structurally_ignore_nullability,Spark,DriftedAsFound,ReportsEqual
4.2.0,field_name_recase_nested,field_name,Nested,spark_equals_structurally_ignore_nullability,Spark,BaselineAsFound,ReportsEqual
4.2.0,field_name_recase_nested,field_name,Nested,spark_equals_structurally_by_name_cs,Spark,DriftedAsFound,ReportsDifferent
4.2.0,field_name_recase_nested,field_name,Nested,spark_equals_structurally_by_name_cs,Spark,BaselineAsFound,ReportsDifferent
4.2.0,field_name_recase_nested,field_name,Nested,spark_equals_structurally_by_name_ci,Spark,DriftedAsFound,ReportsEqual
4.2.0,field_name_recase_nested,field_name,Nested,spark_equals_structurally_by_name_ci,Spark,BaselineAsFound,ReportsEqual
4.2.0,field_name_recase_nested,field_name,Nested,ctdc_rt_exact,CtdcRuntime,DriftedAsFound,ReportsDifferent
4.2.0,field_name_recase_nested,field_name,Nested,ctdc_rt_exact,CtdcRuntime,BaselineAsFound,ReportsDifferent
4.2.0,field_name_recase_nested,field_name,Nested,ctdc_rt_exact_unordered_ci,CtdcRuntime,DriftedAsFound,ReportsEqual
4.2.0,field_name_recase_nested,field_name,Nested,ctdc_rt_exact_unordered_ci,CtdcRuntime,BaselineAsFound,ReportsEqual
4.2.0,field_name_recase_nested,field_name,Nested,ctdc_rt_exact_ordered,CtdcRuntime,DriftedAsFound,ReportsDifferent
4.2.0,field_name_recase_nested,field_name,Nested,ctdc_rt_exact_ordered,CtdcRuntime,BaselineAsFound,ReportsDifferent
4.2.0,field_name_recase_nested,field_name,Nested,ctdc_rt_exact_by_position,CtdcRuntime,DriftedAsFound,ReportsEqual
4.2.0,field_name_recase_nested,field_name,Nested,ctdc_rt_exact_by_position,CtdcRuntime,BaselineAsFound,ReportsEqual
4.2.0,field_name_recase_nested,field_name,Nested,ctdc_rt_backward,CtdcRuntime,DriftedAsFound,ReportsDifferent
4.2.0,field_name_recase_nested,field_name,Nested,ctdc_rt_backward,CtdcRuntime,BaselineAsFound,ReportsDifferent
4.2.0,field_name_recase_nested,field_name,Nested,ctdc_rt_forward,CtdcRuntime,DriftedAsFound,ReportsDifferent
4.2.0,field_name_recase_nested,field_name,Nested,ctdc_rt_forward,CtdcRuntime,BaselineAsFound,ReportsDifferent
4.2.0,field_name_recase_nested,field_name,Nested,ctdc_engine_exact,CtdcPolicyEngine,DriftedAsFound,ReportsDifferent
4.2.0,field_name_recase_nested,field_name,Nested,ctdc_engine_exact,CtdcPolicyEngine,BaselineAsFound,ReportsDifferent
4.2.0,field_name_recase_nested,field_name,Nested,ctdc_engine_exact_unordered_ci,CtdcPolicyEngine,DriftedAsFound,ReportsEqual
4.2.0,field_name_recase_nested,field_name,Nested,ctdc_engine_exact_unordered_ci,CtdcPolicyEngine,BaselineAsFound,ReportsEqual
4.2.0,field_name_recase_nested,field_name,Nested,ctdc_engine_exact_ordered,CtdcPolicyEngine,DriftedAsFound,ReportsDifferent
4.2.0,field_name_recase_nested,field_name,Nested,ctdc_engine_exact_ordered,CtdcPolicyEngine,BaselineAsFound,ReportsDifferent
4.2.0,field_name_recase_nested,field_name,Nested,ctdc_engine_exact_by_position,CtdcPolicyEngine,DriftedAsFound,ReportsEqual
4.2.0,field_name_recase_nested,field_name,Nested,ctdc_engine_exact_by_position,CtdcPolicyEngine,BaselineAsFound,ReportsEqual
4.2.0,field_name_recase_nested,field_name,Nested,ctdc_engine_backward,CtdcPolicyEngine,DriftedAsFound,ReportsDifferent
4.2.0,field_name_recase_nested,field_name,Nested,ctdc_engine_backward,CtdcPolicyEngine,BaselineAsFound,ReportsDifferent
4.2.0,field_name_recase_nested,field_name,Nested,ctdc_engine_forward,CtdcPolicyEngine,DriftedAsFound,ReportsDifferent
4.2.0,field_name_recase_nested,field_name,Nested,ctdc_engine_forward,CtdcPolicyEngine,BaselineAsFound,ReportsDifferent
4.2.0,field_name_recase_nested,field_name,Nested,avro_reader_writer_resolution,AvroResolution,DriftedAsFound,ReportsDifferent
4.2.0,field_name_recase_nested,field_name,Nested,avro_reader_writer_resolution,AvroResolution,BaselineAsFound,ReportsDifferent
4.2.0,field_nullable_flip_root,field_nullable,Root,spark_equals,Spark,DriftedAsFound,ReportsDifferent
4.2.0,field_nullable_flip_root,field_nullable,Root,spark_equals,Spark,BaselineAsFound,ReportsDifferent
4.2.0,field_nullable_flip_root,field_nullable,Root,spark_same_type,Spark,DriftedAsFound,ReportsEqual
4.2.0,field_nullable_flip_root,field_nullable,Root,spark_same_type,Spark,BaselineAsFound,ReportsEqual
4.2.0,field_nullable_flip_root,field_nullable,Root,spark_equals_ignore_nullability,Spark,DriftedAsFound,ReportsEqual
4.2.0,field_nullable_flip_root,field_nullable,Root,spark_equals_ignore_nullability,Spark,BaselineAsFound,ReportsEqual
4.2.0,field_nullable_flip_root,field_nullable,Root,spark_equals_ignore_case_and_nullability,Spark,DriftedAsFound,ReportsEqual
4.2.0,field_nullable_flip_root,field_nullable,Root,spark_equals_ignore_case_and_nullability,Spark,BaselineAsFound,ReportsEqual
4.2.0,field_nullable_flip_root,field_nullable,Root,spark_equals_ignore_compatible_nullability,Spark,DriftedAsFound,ReportsDifferent
4.2.0,field_nullable_flip_root,field_nullable,Root,spark_equals_ignore_compatible_nullability,Spark,BaselineAsFound,ReportsEqual
4.2.0,field_nullable_flip_root,field_nullable,Root,spark_equals_ignore_name_and_compatible_nullability,Spark,DriftedAsFound,ReportsDifferent
4.2.0,field_nullable_flip_root,field_nullable,Root,spark_equals_ignore_name_and_compatible_nullability,Spark,BaselineAsFound,ReportsEqual
4.2.0,field_nullable_flip_root,field_nullable,Root,spark_equals_structurally_strict,Spark,DriftedAsFound,ReportsDifferent
4.2.0,field_nullable_flip_root,field_nullable,Root,spark_equals_structurally_strict,Spark,BaselineAsFound,ReportsDifferent
4.2.0,field_nullable_flip_root,field_nullable,Root,spark_equals_structurally_ignore_nullability,Spark,DriftedAsFound,ReportsEqual
4.2.0,field_nullable_flip_root,field_nullable,Root,spark_equals_structurally_ignore_nullability,Spark,BaselineAsFound,ReportsEqual
4.2.0,field_nullable_flip_root,field_nullable,Root,spark_equals_structurally_by_name_cs,Spark,DriftedAsFound,ReportsEqual
4.2.0,field_nullable_flip_root,field_nullable,Root,spark_equals_structurally_by_name_cs,Spark,BaselineAsFound,ReportsEqual
4.2.0,field_nullable_flip_root,field_nullable,Root,spark_equals_structurally_by_name_ci,Spark,DriftedAsFound,ReportsEqual
4.2.0,field_nullable_flip_root,field_nullable,Root,spark_equals_structurally_by_name_ci,Spark,BaselineAsFound,ReportsEqual
4.2.0,field_nullable_flip_root,field_nullable,Root,ctdc_rt_exact,CtdcRuntime,DriftedAsFound,ReportsEqual
4.2.0,field_nullable_flip_root,field_nullable,Root,ctdc_rt_exact,CtdcRuntime,BaselineAsFound,ReportsEqual
4.2.0,field_nullable_flip_root,field_nullable,Root,ctdc_rt_exact_unordered_ci,CtdcRuntime,DriftedAsFound,ReportsEqual
4.2.0,field_nullable_flip_root,field_nullable,Root,ctdc_rt_exact_unordered_ci,CtdcRuntime,BaselineAsFound,ReportsEqual
4.2.0,field_nullable_flip_root,field_nullable,Root,ctdc_rt_exact_ordered,CtdcRuntime,DriftedAsFound,ReportsEqual
4.2.0,field_nullable_flip_root,field_nullable,Root,ctdc_rt_exact_ordered,CtdcRuntime,BaselineAsFound,ReportsEqual
4.2.0,field_nullable_flip_root,field_nullable,Root,ctdc_rt_exact_by_position,CtdcRuntime,DriftedAsFound,ReportsEqual
4.2.0,field_nullable_flip_root,field_nullable,Root,ctdc_rt_exact_by_position,CtdcRuntime,BaselineAsFound,ReportsEqual
4.2.0,field_nullable_flip_root,field_nullable,Root,ctdc_rt_backward,CtdcRuntime,DriftedAsFound,ReportsEqual
4.2.0,field_nullable_flip_root,field_nullable,Root,ctdc_rt_backward,CtdcRuntime,BaselineAsFound,ReportsEqual
4.2.0,field_nullable_flip_root,field_nullable,Root,ctdc_rt_forward,CtdcRuntime,DriftedAsFound,ReportsEqual
4.2.0,field_nullable_flip_root,field_nullable,Root,ctdc_rt_forward,CtdcRuntime,BaselineAsFound,ReportsEqual
4.2.0,field_nullable_flip_root,field_nullable,Root,ctdc_engine_exact,CtdcPolicyEngine,DriftedAsFound,ReportsDifferent
4.2.0,field_nullable_flip_root,field_nullable,Root,ctdc_engine_exact,CtdcPolicyEngine,BaselineAsFound,ReportsDifferent
4.2.0,field_nullable_flip_root,field_nullable,Root,ctdc_engine_exact_unordered_ci,CtdcPolicyEngine,DriftedAsFound,ReportsDifferent
4.2.0,field_nullable_flip_root,field_nullable,Root,ctdc_engine_exact_unordered_ci,CtdcPolicyEngine,BaselineAsFound,ReportsDifferent
4.2.0,field_nullable_flip_root,field_nullable,Root,ctdc_engine_exact_ordered,CtdcPolicyEngine,DriftedAsFound,ReportsDifferent
4.2.0,field_nullable_flip_root,field_nullable,Root,ctdc_engine_exact_ordered,CtdcPolicyEngine,BaselineAsFound,ReportsDifferent
4.2.0,field_nullable_flip_root,field_nullable,Root,ctdc_engine_exact_by_position,CtdcPolicyEngine,DriftedAsFound,ReportsDifferent
4.2.0,field_nullable_flip_root,field_nullable,Root,ctdc_engine_exact_by_position,CtdcPolicyEngine,BaselineAsFound,ReportsDifferent
4.2.0,field_nullable_flip_root,field_nullable,Root,ctdc_engine_backward,CtdcPolicyEngine,DriftedAsFound,ReportsDifferent
4.2.0,field_nullable_flip_root,field_nullable,Root,ctdc_engine_backward,CtdcPolicyEngine,BaselineAsFound,ReportsEqual
4.2.0,field_nullable_flip_root,field_nullable,Root,ctdc_engine_forward,CtdcPolicyEngine,DriftedAsFound,ReportsDifferent
4.2.0,field_nullable_flip_root,field_nullable,Root,ctdc_engine_forward,CtdcPolicyEngine,BaselineAsFound,ReportsEqual
4.2.0,field_nullable_flip_root,field_nullable,Root,avro_reader_writer_resolution,AvroResolution,DriftedAsFound,ReportsDifferent
4.2.0,field_nullable_flip_root,field_nullable,Root,avro_reader_writer_resolution,AvroResolution,BaselineAsFound,ReportsEqual
4.2.0,field_nullable_flip_nested,field_nullable,Nested,spark_equals,Spark,DriftedAsFound,ReportsDifferent
4.2.0,field_nullable_flip_nested,field_nullable,Nested,spark_equals,Spark,BaselineAsFound,ReportsDifferent
4.2.0,field_nullable_flip_nested,field_nullable,Nested,spark_same_type,Spark,DriftedAsFound,ReportsEqual
4.2.0,field_nullable_flip_nested,field_nullable,Nested,spark_same_type,Spark,BaselineAsFound,ReportsEqual
4.2.0,field_nullable_flip_nested,field_nullable,Nested,spark_equals_ignore_nullability,Spark,DriftedAsFound,ReportsEqual
4.2.0,field_nullable_flip_nested,field_nullable,Nested,spark_equals_ignore_nullability,Spark,BaselineAsFound,ReportsEqual
4.2.0,field_nullable_flip_nested,field_nullable,Nested,spark_equals_ignore_case_and_nullability,Spark,DriftedAsFound,ReportsEqual
4.2.0,field_nullable_flip_nested,field_nullable,Nested,spark_equals_ignore_case_and_nullability,Spark,BaselineAsFound,ReportsEqual
4.2.0,field_nullable_flip_nested,field_nullable,Nested,spark_equals_ignore_compatible_nullability,Spark,DriftedAsFound,ReportsDifferent
4.2.0,field_nullable_flip_nested,field_nullable,Nested,spark_equals_ignore_compatible_nullability,Spark,BaselineAsFound,ReportsEqual
4.2.0,field_nullable_flip_nested,field_nullable,Nested,spark_equals_ignore_name_and_compatible_nullability,Spark,DriftedAsFound,ReportsDifferent
4.2.0,field_nullable_flip_nested,field_nullable,Nested,spark_equals_ignore_name_and_compatible_nullability,Spark,BaselineAsFound,ReportsEqual
4.2.0,field_nullable_flip_nested,field_nullable,Nested,spark_equals_structurally_strict,Spark,DriftedAsFound,ReportsDifferent
4.2.0,field_nullable_flip_nested,field_nullable,Nested,spark_equals_structurally_strict,Spark,BaselineAsFound,ReportsDifferent
4.2.0,field_nullable_flip_nested,field_nullable,Nested,spark_equals_structurally_ignore_nullability,Spark,DriftedAsFound,ReportsEqual
4.2.0,field_nullable_flip_nested,field_nullable,Nested,spark_equals_structurally_ignore_nullability,Spark,BaselineAsFound,ReportsEqual
4.2.0,field_nullable_flip_nested,field_nullable,Nested,spark_equals_structurally_by_name_cs,Spark,DriftedAsFound,ReportsEqual
4.2.0,field_nullable_flip_nested,field_nullable,Nested,spark_equals_structurally_by_name_cs,Spark,BaselineAsFound,ReportsEqual
4.2.0,field_nullable_flip_nested,field_nullable,Nested,spark_equals_structurally_by_name_ci,Spark,DriftedAsFound,ReportsEqual
4.2.0,field_nullable_flip_nested,field_nullable,Nested,spark_equals_structurally_by_name_ci,Spark,BaselineAsFound,ReportsEqual
4.2.0,field_nullable_flip_nested,field_nullable,Nested,ctdc_rt_exact,CtdcRuntime,DriftedAsFound,ReportsEqual
4.2.0,field_nullable_flip_nested,field_nullable,Nested,ctdc_rt_exact,CtdcRuntime,BaselineAsFound,ReportsEqual
4.2.0,field_nullable_flip_nested,field_nullable,Nested,ctdc_rt_exact_unordered_ci,CtdcRuntime,DriftedAsFound,ReportsEqual
4.2.0,field_nullable_flip_nested,field_nullable,Nested,ctdc_rt_exact_unordered_ci,CtdcRuntime,BaselineAsFound,ReportsEqual
4.2.0,field_nullable_flip_nested,field_nullable,Nested,ctdc_rt_exact_ordered,CtdcRuntime,DriftedAsFound,ReportsEqual
4.2.0,field_nullable_flip_nested,field_nullable,Nested,ctdc_rt_exact_ordered,CtdcRuntime,BaselineAsFound,ReportsEqual
4.2.0,field_nullable_flip_nested,field_nullable,Nested,ctdc_rt_exact_by_position,CtdcRuntime,DriftedAsFound,ReportsEqual
4.2.0,field_nullable_flip_nested,field_nullable,Nested,ctdc_rt_exact_by_position,CtdcRuntime,BaselineAsFound,ReportsEqual
4.2.0,field_nullable_flip_nested,field_nullable,Nested,ctdc_rt_backward,CtdcRuntime,DriftedAsFound,ReportsEqual
4.2.0,field_nullable_flip_nested,field_nullable,Nested,ctdc_rt_backward,CtdcRuntime,BaselineAsFound,ReportsEqual
4.2.0,field_nullable_flip_nested,field_nullable,Nested,ctdc_rt_forward,CtdcRuntime,DriftedAsFound,ReportsEqual
4.2.0,field_nullable_flip_nested,field_nullable,Nested,ctdc_rt_forward,CtdcRuntime,BaselineAsFound,ReportsEqual
4.2.0,field_nullable_flip_nested,field_nullable,Nested,ctdc_engine_exact,CtdcPolicyEngine,DriftedAsFound,ReportsDifferent
4.2.0,field_nullable_flip_nested,field_nullable,Nested,ctdc_engine_exact,CtdcPolicyEngine,BaselineAsFound,ReportsDifferent
4.2.0,field_nullable_flip_nested,field_nullable,Nested,ctdc_engine_exact_unordered_ci,CtdcPolicyEngine,DriftedAsFound,ReportsDifferent
4.2.0,field_nullable_flip_nested,field_nullable,Nested,ctdc_engine_exact_unordered_ci,CtdcPolicyEngine,BaselineAsFound,ReportsDifferent
4.2.0,field_nullable_flip_nested,field_nullable,Nested,ctdc_engine_exact_ordered,CtdcPolicyEngine,DriftedAsFound,ReportsDifferent
4.2.0,field_nullable_flip_nested,field_nullable,Nested,ctdc_engine_exact_ordered,CtdcPolicyEngine,BaselineAsFound,ReportsDifferent
4.2.0,field_nullable_flip_nested,field_nullable,Nested,ctdc_engine_exact_by_position,CtdcPolicyEngine,DriftedAsFound,ReportsDifferent
4.2.0,field_nullable_flip_nested,field_nullable,Nested,ctdc_engine_exact_by_position,CtdcPolicyEngine,BaselineAsFound,ReportsDifferent
4.2.0,field_nullable_flip_nested,field_nullable,Nested,ctdc_engine_backward,CtdcPolicyEngine,DriftedAsFound,ReportsDifferent
4.2.0,field_nullable_flip_nested,field_nullable,Nested,ctdc_engine_backward,CtdcPolicyEngine,BaselineAsFound,ReportsEqual
4.2.0,field_nullable_flip_nested,field_nullable,Nested,ctdc_engine_forward,CtdcPolicyEngine,DriftedAsFound,ReportsDifferent
4.2.0,field_nullable_flip_nested,field_nullable,Nested,ctdc_engine_forward,CtdcPolicyEngine,BaselineAsFound,ReportsEqual
4.2.0,field_nullable_flip_nested,field_nullable,Nested,avro_reader_writer_resolution,AvroResolution,DriftedAsFound,ReportsDifferent
4.2.0,field_nullable_flip_nested,field_nullable,Nested,avro_reader_writer_resolution,AvroResolution,BaselineAsFound,ReportsEqual
4.2.0,field_type_widen_leaf_root,field_type,Root,spark_equals,Spark,DriftedAsFound,ReportsDifferent
4.2.0,field_type_widen_leaf_root,field_type,Root,spark_equals,Spark,BaselineAsFound,ReportsDifferent
4.2.0,field_type_widen_leaf_root,field_type,Root,spark_same_type,Spark,DriftedAsFound,ReportsDifferent
4.2.0,field_type_widen_leaf_root,field_type,Root,spark_same_type,Spark,BaselineAsFound,ReportsDifferent
4.2.0,field_type_widen_leaf_root,field_type,Root,spark_equals_ignore_nullability,Spark,DriftedAsFound,ReportsDifferent
4.2.0,field_type_widen_leaf_root,field_type,Root,spark_equals_ignore_nullability,Spark,BaselineAsFound,ReportsDifferent
4.2.0,field_type_widen_leaf_root,field_type,Root,spark_equals_ignore_case_and_nullability,Spark,DriftedAsFound,ReportsDifferent
4.2.0,field_type_widen_leaf_root,field_type,Root,spark_equals_ignore_case_and_nullability,Spark,BaselineAsFound,ReportsDifferent
4.2.0,field_type_widen_leaf_root,field_type,Root,spark_equals_ignore_compatible_nullability,Spark,DriftedAsFound,ReportsDifferent
4.2.0,field_type_widen_leaf_root,field_type,Root,spark_equals_ignore_compatible_nullability,Spark,BaselineAsFound,ReportsDifferent
4.2.0,field_type_widen_leaf_root,field_type,Root,spark_equals_ignore_name_and_compatible_nullability,Spark,DriftedAsFound,ReportsDifferent
4.2.0,field_type_widen_leaf_root,field_type,Root,spark_equals_ignore_name_and_compatible_nullability,Spark,BaselineAsFound,ReportsDifferent
4.2.0,field_type_widen_leaf_root,field_type,Root,spark_equals_structurally_strict,Spark,DriftedAsFound,ReportsDifferent
4.2.0,field_type_widen_leaf_root,field_type,Root,spark_equals_structurally_strict,Spark,BaselineAsFound,ReportsDifferent
4.2.0,field_type_widen_leaf_root,field_type,Root,spark_equals_structurally_ignore_nullability,Spark,DriftedAsFound,ReportsDifferent
4.2.0,field_type_widen_leaf_root,field_type,Root,spark_equals_structurally_ignore_nullability,Spark,BaselineAsFound,ReportsDifferent
4.2.0,field_type_widen_leaf_root,field_type,Root,spark_equals_structurally_by_name_cs,Spark,DriftedAsFound,ReportsEqual
4.2.0,field_type_widen_leaf_root,field_type,Root,spark_equals_structurally_by_name_cs,Spark,BaselineAsFound,ReportsEqual
4.2.0,field_type_widen_leaf_root,field_type,Root,spark_equals_structurally_by_name_ci,Spark,DriftedAsFound,ReportsEqual
4.2.0,field_type_widen_leaf_root,field_type,Root,spark_equals_structurally_by_name_ci,Spark,BaselineAsFound,ReportsEqual
4.2.0,field_type_widen_leaf_root,field_type,Root,ctdc_rt_exact,CtdcRuntime,DriftedAsFound,ReportsDifferent
4.2.0,field_type_widen_leaf_root,field_type,Root,ctdc_rt_exact,CtdcRuntime,BaselineAsFound,ReportsDifferent
4.2.0,field_type_widen_leaf_root,field_type,Root,ctdc_rt_exact_unordered_ci,CtdcRuntime,DriftedAsFound,ReportsDifferent
4.2.0,field_type_widen_leaf_root,field_type,Root,ctdc_rt_exact_unordered_ci,CtdcRuntime,BaselineAsFound,ReportsDifferent
4.2.0,field_type_widen_leaf_root,field_type,Root,ctdc_rt_exact_ordered,CtdcRuntime,DriftedAsFound,ReportsDifferent
4.2.0,field_type_widen_leaf_root,field_type,Root,ctdc_rt_exact_ordered,CtdcRuntime,BaselineAsFound,ReportsDifferent
4.2.0,field_type_widen_leaf_root,field_type,Root,ctdc_rt_exact_by_position,CtdcRuntime,DriftedAsFound,ReportsDifferent
4.2.0,field_type_widen_leaf_root,field_type,Root,ctdc_rt_exact_by_position,CtdcRuntime,BaselineAsFound,ReportsDifferent
4.2.0,field_type_widen_leaf_root,field_type,Root,ctdc_rt_backward,CtdcRuntime,DriftedAsFound,ReportsDifferent
4.2.0,field_type_widen_leaf_root,field_type,Root,ctdc_rt_backward,CtdcRuntime,BaselineAsFound,ReportsDifferent
4.2.0,field_type_widen_leaf_root,field_type,Root,ctdc_rt_forward,CtdcRuntime,DriftedAsFound,ReportsDifferent
4.2.0,field_type_widen_leaf_root,field_type,Root,ctdc_rt_forward,CtdcRuntime,BaselineAsFound,ReportsDifferent
4.2.0,field_type_widen_leaf_root,field_type,Root,ctdc_engine_exact,CtdcPolicyEngine,DriftedAsFound,ReportsDifferent
4.2.0,field_type_widen_leaf_root,field_type,Root,ctdc_engine_exact,CtdcPolicyEngine,BaselineAsFound,ReportsDifferent
4.2.0,field_type_widen_leaf_root,field_type,Root,ctdc_engine_exact_unordered_ci,CtdcPolicyEngine,DriftedAsFound,ReportsDifferent
4.2.0,field_type_widen_leaf_root,field_type,Root,ctdc_engine_exact_unordered_ci,CtdcPolicyEngine,BaselineAsFound,ReportsDifferent
4.2.0,field_type_widen_leaf_root,field_type,Root,ctdc_engine_exact_ordered,CtdcPolicyEngine,DriftedAsFound,ReportsDifferent
4.2.0,field_type_widen_leaf_root,field_type,Root,ctdc_engine_exact_ordered,CtdcPolicyEngine,BaselineAsFound,ReportsDifferent
4.2.0,field_type_widen_leaf_root,field_type,Root,ctdc_engine_exact_by_position,CtdcPolicyEngine,DriftedAsFound,ReportsDifferent
4.2.0,field_type_widen_leaf_root,field_type,Root,ctdc_engine_exact_by_position,CtdcPolicyEngine,BaselineAsFound,ReportsDifferent
4.2.0,field_type_widen_leaf_root,field_type,Root,ctdc_engine_backward,CtdcPolicyEngine,DriftedAsFound,ReportsDifferent
4.2.0,field_type_widen_leaf_root,field_type,Root,ctdc_engine_backward,CtdcPolicyEngine,BaselineAsFound,ReportsDifferent
4.2.0,field_type_widen_leaf_root,field_type,Root,ctdc_engine_forward,CtdcPolicyEngine,DriftedAsFound,ReportsDifferent
4.2.0,field_type_widen_leaf_root,field_type,Root,ctdc_engine_forward,CtdcPolicyEngine,BaselineAsFound,ReportsDifferent
4.2.0,field_type_widen_leaf_root,field_type,Root,avro_reader_writer_resolution,AvroResolution,DriftedAsFound,ReportsDifferent
4.2.0,field_type_widen_leaf_root,field_type,Root,avro_reader_writer_resolution,AvroResolution,BaselineAsFound,ReportsEqual
4.2.0,field_type_widen_leaf_nested,field_type,Nested,spark_equals,Spark,DriftedAsFound,ReportsDifferent
4.2.0,field_type_widen_leaf_nested,field_type,Nested,spark_equals,Spark,BaselineAsFound,ReportsDifferent
4.2.0,field_type_widen_leaf_nested,field_type,Nested,spark_same_type,Spark,DriftedAsFound,ReportsDifferent
4.2.0,field_type_widen_leaf_nested,field_type,Nested,spark_same_type,Spark,BaselineAsFound,ReportsDifferent
4.2.0,field_type_widen_leaf_nested,field_type,Nested,spark_equals_ignore_nullability,Spark,DriftedAsFound,ReportsDifferent
4.2.0,field_type_widen_leaf_nested,field_type,Nested,spark_equals_ignore_nullability,Spark,BaselineAsFound,ReportsDifferent
4.2.0,field_type_widen_leaf_nested,field_type,Nested,spark_equals_ignore_case_and_nullability,Spark,DriftedAsFound,ReportsDifferent
4.2.0,field_type_widen_leaf_nested,field_type,Nested,spark_equals_ignore_case_and_nullability,Spark,BaselineAsFound,ReportsDifferent
4.2.0,field_type_widen_leaf_nested,field_type,Nested,spark_equals_ignore_compatible_nullability,Spark,DriftedAsFound,ReportsDifferent
4.2.0,field_type_widen_leaf_nested,field_type,Nested,spark_equals_ignore_compatible_nullability,Spark,BaselineAsFound,ReportsDifferent
4.2.0,field_type_widen_leaf_nested,field_type,Nested,spark_equals_ignore_name_and_compatible_nullability,Spark,DriftedAsFound,ReportsDifferent
4.2.0,field_type_widen_leaf_nested,field_type,Nested,spark_equals_ignore_name_and_compatible_nullability,Spark,BaselineAsFound,ReportsDifferent
4.2.0,field_type_widen_leaf_nested,field_type,Nested,spark_equals_structurally_strict,Spark,DriftedAsFound,ReportsDifferent
4.2.0,field_type_widen_leaf_nested,field_type,Nested,spark_equals_structurally_strict,Spark,BaselineAsFound,ReportsDifferent
4.2.0,field_type_widen_leaf_nested,field_type,Nested,spark_equals_structurally_ignore_nullability,Spark,DriftedAsFound,ReportsDifferent
4.2.0,field_type_widen_leaf_nested,field_type,Nested,spark_equals_structurally_ignore_nullability,Spark,BaselineAsFound,ReportsDifferent
4.2.0,field_type_widen_leaf_nested,field_type,Nested,spark_equals_structurally_by_name_cs,Spark,DriftedAsFound,ReportsEqual
4.2.0,field_type_widen_leaf_nested,field_type,Nested,spark_equals_structurally_by_name_cs,Spark,BaselineAsFound,ReportsEqual
4.2.0,field_type_widen_leaf_nested,field_type,Nested,spark_equals_structurally_by_name_ci,Spark,DriftedAsFound,ReportsEqual
4.2.0,field_type_widen_leaf_nested,field_type,Nested,spark_equals_structurally_by_name_ci,Spark,BaselineAsFound,ReportsEqual
4.2.0,field_type_widen_leaf_nested,field_type,Nested,ctdc_rt_exact,CtdcRuntime,DriftedAsFound,ReportsDifferent
4.2.0,field_type_widen_leaf_nested,field_type,Nested,ctdc_rt_exact,CtdcRuntime,BaselineAsFound,ReportsDifferent
4.2.0,field_type_widen_leaf_nested,field_type,Nested,ctdc_rt_exact_unordered_ci,CtdcRuntime,DriftedAsFound,ReportsDifferent
4.2.0,field_type_widen_leaf_nested,field_type,Nested,ctdc_rt_exact_unordered_ci,CtdcRuntime,BaselineAsFound,ReportsDifferent
4.2.0,field_type_widen_leaf_nested,field_type,Nested,ctdc_rt_exact_ordered,CtdcRuntime,DriftedAsFound,ReportsDifferent
4.2.0,field_type_widen_leaf_nested,field_type,Nested,ctdc_rt_exact_ordered,CtdcRuntime,BaselineAsFound,ReportsDifferent
4.2.0,field_type_widen_leaf_nested,field_type,Nested,ctdc_rt_exact_by_position,CtdcRuntime,DriftedAsFound,ReportsDifferent
4.2.0,field_type_widen_leaf_nested,field_type,Nested,ctdc_rt_exact_by_position,CtdcRuntime,BaselineAsFound,ReportsDifferent
4.2.0,field_type_widen_leaf_nested,field_type,Nested,ctdc_rt_backward,CtdcRuntime,DriftedAsFound,ReportsDifferent
4.2.0,field_type_widen_leaf_nested,field_type,Nested,ctdc_rt_backward,CtdcRuntime,BaselineAsFound,ReportsDifferent
4.2.0,field_type_widen_leaf_nested,field_type,Nested,ctdc_rt_forward,CtdcRuntime,DriftedAsFound,ReportsDifferent
4.2.0,field_type_widen_leaf_nested,field_type,Nested,ctdc_rt_forward,CtdcRuntime,BaselineAsFound,ReportsDifferent
4.2.0,field_type_widen_leaf_nested,field_type,Nested,ctdc_engine_exact,CtdcPolicyEngine,DriftedAsFound,ReportsDifferent
4.2.0,field_type_widen_leaf_nested,field_type,Nested,ctdc_engine_exact,CtdcPolicyEngine,BaselineAsFound,ReportsDifferent
4.2.0,field_type_widen_leaf_nested,field_type,Nested,ctdc_engine_exact_unordered_ci,CtdcPolicyEngine,DriftedAsFound,ReportsDifferent
4.2.0,field_type_widen_leaf_nested,field_type,Nested,ctdc_engine_exact_unordered_ci,CtdcPolicyEngine,BaselineAsFound,ReportsDifferent
4.2.0,field_type_widen_leaf_nested,field_type,Nested,ctdc_engine_exact_ordered,CtdcPolicyEngine,DriftedAsFound,ReportsDifferent
4.2.0,field_type_widen_leaf_nested,field_type,Nested,ctdc_engine_exact_ordered,CtdcPolicyEngine,BaselineAsFound,ReportsDifferent
4.2.0,field_type_widen_leaf_nested,field_type,Nested,ctdc_engine_exact_by_position,CtdcPolicyEngine,DriftedAsFound,ReportsDifferent
4.2.0,field_type_widen_leaf_nested,field_type,Nested,ctdc_engine_exact_by_position,CtdcPolicyEngine,BaselineAsFound,ReportsDifferent
4.2.0,field_type_widen_leaf_nested,field_type,Nested,ctdc_engine_backward,CtdcPolicyEngine,DriftedAsFound,ReportsDifferent
4.2.0,field_type_widen_leaf_nested,field_type,Nested,ctdc_engine_backward,CtdcPolicyEngine,BaselineAsFound,ReportsDifferent
4.2.0,field_type_widen_leaf_nested,field_type,Nested,ctdc_engine_forward,CtdcPolicyEngine,DriftedAsFound,ReportsDifferent
4.2.0,field_type_widen_leaf_nested,field_type,Nested,ctdc_engine_forward,CtdcPolicyEngine,BaselineAsFound,ReportsDifferent
4.2.0,field_type_widen_leaf_nested,field_type,Nested,avro_reader_writer_resolution,AvroResolution,DriftedAsFound,ReportsDifferent
4.2.0,field_type_widen_leaf_nested,field_type,Nested,avro_reader_writer_resolution,AvroResolution,BaselineAsFound,ReportsEqual
4.2.0,field_type_swap_leaf_root,field_type,Root,spark_equals,Spark,DriftedAsFound,ReportsDifferent
4.2.0,field_type_swap_leaf_root,field_type,Root,spark_equals,Spark,BaselineAsFound,ReportsDifferent
4.2.0,field_type_swap_leaf_root,field_type,Root,spark_same_type,Spark,DriftedAsFound,ReportsDifferent
4.2.0,field_type_swap_leaf_root,field_type,Root,spark_same_type,Spark,BaselineAsFound,ReportsDifferent
4.2.0,field_type_swap_leaf_root,field_type,Root,spark_equals_ignore_nullability,Spark,DriftedAsFound,ReportsDifferent
4.2.0,field_type_swap_leaf_root,field_type,Root,spark_equals_ignore_nullability,Spark,BaselineAsFound,ReportsDifferent
4.2.0,field_type_swap_leaf_root,field_type,Root,spark_equals_ignore_case_and_nullability,Spark,DriftedAsFound,ReportsDifferent
4.2.0,field_type_swap_leaf_root,field_type,Root,spark_equals_ignore_case_and_nullability,Spark,BaselineAsFound,ReportsDifferent
4.2.0,field_type_swap_leaf_root,field_type,Root,spark_equals_ignore_compatible_nullability,Spark,DriftedAsFound,ReportsDifferent
4.2.0,field_type_swap_leaf_root,field_type,Root,spark_equals_ignore_compatible_nullability,Spark,BaselineAsFound,ReportsDifferent
4.2.0,field_type_swap_leaf_root,field_type,Root,spark_equals_ignore_name_and_compatible_nullability,Spark,DriftedAsFound,ReportsDifferent
4.2.0,field_type_swap_leaf_root,field_type,Root,spark_equals_ignore_name_and_compatible_nullability,Spark,BaselineAsFound,ReportsDifferent
4.2.0,field_type_swap_leaf_root,field_type,Root,spark_equals_structurally_strict,Spark,DriftedAsFound,ReportsDifferent
4.2.0,field_type_swap_leaf_root,field_type,Root,spark_equals_structurally_strict,Spark,BaselineAsFound,ReportsDifferent
4.2.0,field_type_swap_leaf_root,field_type,Root,spark_equals_structurally_ignore_nullability,Spark,DriftedAsFound,ReportsDifferent
4.2.0,field_type_swap_leaf_root,field_type,Root,spark_equals_structurally_ignore_nullability,Spark,BaselineAsFound,ReportsDifferent
4.2.0,field_type_swap_leaf_root,field_type,Root,spark_equals_structurally_by_name_cs,Spark,DriftedAsFound,ReportsEqual
4.2.0,field_type_swap_leaf_root,field_type,Root,spark_equals_structurally_by_name_cs,Spark,BaselineAsFound,ReportsEqual
4.2.0,field_type_swap_leaf_root,field_type,Root,spark_equals_structurally_by_name_ci,Spark,DriftedAsFound,ReportsEqual
4.2.0,field_type_swap_leaf_root,field_type,Root,spark_equals_structurally_by_name_ci,Spark,BaselineAsFound,ReportsEqual
4.2.0,field_type_swap_leaf_root,field_type,Root,ctdc_rt_exact,CtdcRuntime,DriftedAsFound,ReportsDifferent
4.2.0,field_type_swap_leaf_root,field_type,Root,ctdc_rt_exact,CtdcRuntime,BaselineAsFound,ReportsDifferent
4.2.0,field_type_swap_leaf_root,field_type,Root,ctdc_rt_exact_unordered_ci,CtdcRuntime,DriftedAsFound,ReportsDifferent
4.2.0,field_type_swap_leaf_root,field_type,Root,ctdc_rt_exact_unordered_ci,CtdcRuntime,BaselineAsFound,ReportsDifferent
4.2.0,field_type_swap_leaf_root,field_type,Root,ctdc_rt_exact_ordered,CtdcRuntime,DriftedAsFound,ReportsDifferent
4.2.0,field_type_swap_leaf_root,field_type,Root,ctdc_rt_exact_ordered,CtdcRuntime,BaselineAsFound,ReportsDifferent
4.2.0,field_type_swap_leaf_root,field_type,Root,ctdc_rt_exact_by_position,CtdcRuntime,DriftedAsFound,ReportsDifferent
4.2.0,field_type_swap_leaf_root,field_type,Root,ctdc_rt_exact_by_position,CtdcRuntime,BaselineAsFound,ReportsDifferent
4.2.0,field_type_swap_leaf_root,field_type,Root,ctdc_rt_backward,CtdcRuntime,DriftedAsFound,ReportsDifferent
4.2.0,field_type_swap_leaf_root,field_type,Root,ctdc_rt_backward,CtdcRuntime,BaselineAsFound,ReportsDifferent
4.2.0,field_type_swap_leaf_root,field_type,Root,ctdc_rt_forward,CtdcRuntime,DriftedAsFound,ReportsDifferent
4.2.0,field_type_swap_leaf_root,field_type,Root,ctdc_rt_forward,CtdcRuntime,BaselineAsFound,ReportsDifferent
4.2.0,field_type_swap_leaf_root,field_type,Root,ctdc_engine_exact,CtdcPolicyEngine,DriftedAsFound,ReportsDifferent
4.2.0,field_type_swap_leaf_root,field_type,Root,ctdc_engine_exact,CtdcPolicyEngine,BaselineAsFound,ReportsDifferent
4.2.0,field_type_swap_leaf_root,field_type,Root,ctdc_engine_exact_unordered_ci,CtdcPolicyEngine,DriftedAsFound,ReportsDifferent
4.2.0,field_type_swap_leaf_root,field_type,Root,ctdc_engine_exact_unordered_ci,CtdcPolicyEngine,BaselineAsFound,ReportsDifferent
4.2.0,field_type_swap_leaf_root,field_type,Root,ctdc_engine_exact_ordered,CtdcPolicyEngine,DriftedAsFound,ReportsDifferent
4.2.0,field_type_swap_leaf_root,field_type,Root,ctdc_engine_exact_ordered,CtdcPolicyEngine,BaselineAsFound,ReportsDifferent
4.2.0,field_type_swap_leaf_root,field_type,Root,ctdc_engine_exact_by_position,CtdcPolicyEngine,DriftedAsFound,ReportsDifferent
4.2.0,field_type_swap_leaf_root,field_type,Root,ctdc_engine_exact_by_position,CtdcPolicyEngine,BaselineAsFound,ReportsDifferent
4.2.0,field_type_swap_leaf_root,field_type,Root,ctdc_engine_backward,CtdcPolicyEngine,DriftedAsFound,ReportsDifferent
4.2.0,field_type_swap_leaf_root,field_type,Root,ctdc_engine_backward,CtdcPolicyEngine,BaselineAsFound,ReportsDifferent
4.2.0,field_type_swap_leaf_root,field_type,Root,ctdc_engine_forward,CtdcPolicyEngine,DriftedAsFound,ReportsDifferent
4.2.0,field_type_swap_leaf_root,field_type,Root,ctdc_engine_forward,CtdcPolicyEngine,BaselineAsFound,ReportsDifferent
4.2.0,field_type_swap_leaf_root,field_type,Root,avro_reader_writer_resolution,AvroResolution,DriftedAsFound,ReportsDifferent
4.2.0,field_type_swap_leaf_root,field_type,Root,avro_reader_writer_resolution,AvroResolution,BaselineAsFound,ReportsDifferent
4.2.0,field_type_swap_leaf_nested,field_type,Nested,spark_equals,Spark,DriftedAsFound,ReportsDifferent
4.2.0,field_type_swap_leaf_nested,field_type,Nested,spark_equals,Spark,BaselineAsFound,ReportsDifferent
4.2.0,field_type_swap_leaf_nested,field_type,Nested,spark_same_type,Spark,DriftedAsFound,ReportsDifferent
4.2.0,field_type_swap_leaf_nested,field_type,Nested,spark_same_type,Spark,BaselineAsFound,ReportsDifferent
4.2.0,field_type_swap_leaf_nested,field_type,Nested,spark_equals_ignore_nullability,Spark,DriftedAsFound,ReportsDifferent
4.2.0,field_type_swap_leaf_nested,field_type,Nested,spark_equals_ignore_nullability,Spark,BaselineAsFound,ReportsDifferent
4.2.0,field_type_swap_leaf_nested,field_type,Nested,spark_equals_ignore_case_and_nullability,Spark,DriftedAsFound,ReportsDifferent
4.2.0,field_type_swap_leaf_nested,field_type,Nested,spark_equals_ignore_case_and_nullability,Spark,BaselineAsFound,ReportsDifferent
4.2.0,field_type_swap_leaf_nested,field_type,Nested,spark_equals_ignore_compatible_nullability,Spark,DriftedAsFound,ReportsDifferent
4.2.0,field_type_swap_leaf_nested,field_type,Nested,spark_equals_ignore_compatible_nullability,Spark,BaselineAsFound,ReportsDifferent
4.2.0,field_type_swap_leaf_nested,field_type,Nested,spark_equals_ignore_name_and_compatible_nullability,Spark,DriftedAsFound,ReportsDifferent
4.2.0,field_type_swap_leaf_nested,field_type,Nested,spark_equals_ignore_name_and_compatible_nullability,Spark,BaselineAsFound,ReportsDifferent
4.2.0,field_type_swap_leaf_nested,field_type,Nested,spark_equals_structurally_strict,Spark,DriftedAsFound,ReportsDifferent
4.2.0,field_type_swap_leaf_nested,field_type,Nested,spark_equals_structurally_strict,Spark,BaselineAsFound,ReportsDifferent
4.2.0,field_type_swap_leaf_nested,field_type,Nested,spark_equals_structurally_ignore_nullability,Spark,DriftedAsFound,ReportsDifferent
4.2.0,field_type_swap_leaf_nested,field_type,Nested,spark_equals_structurally_ignore_nullability,Spark,BaselineAsFound,ReportsDifferent
4.2.0,field_type_swap_leaf_nested,field_type,Nested,spark_equals_structurally_by_name_cs,Spark,DriftedAsFound,ReportsEqual
4.2.0,field_type_swap_leaf_nested,field_type,Nested,spark_equals_structurally_by_name_cs,Spark,BaselineAsFound,ReportsEqual
4.2.0,field_type_swap_leaf_nested,field_type,Nested,spark_equals_structurally_by_name_ci,Spark,DriftedAsFound,ReportsEqual
4.2.0,field_type_swap_leaf_nested,field_type,Nested,spark_equals_structurally_by_name_ci,Spark,BaselineAsFound,ReportsEqual
4.2.0,field_type_swap_leaf_nested,field_type,Nested,ctdc_rt_exact,CtdcRuntime,DriftedAsFound,ReportsDifferent
4.2.0,field_type_swap_leaf_nested,field_type,Nested,ctdc_rt_exact,CtdcRuntime,BaselineAsFound,ReportsDifferent
4.2.0,field_type_swap_leaf_nested,field_type,Nested,ctdc_rt_exact_unordered_ci,CtdcRuntime,DriftedAsFound,ReportsDifferent
4.2.0,field_type_swap_leaf_nested,field_type,Nested,ctdc_rt_exact_unordered_ci,CtdcRuntime,BaselineAsFound,ReportsDifferent
4.2.0,field_type_swap_leaf_nested,field_type,Nested,ctdc_rt_exact_ordered,CtdcRuntime,DriftedAsFound,ReportsDifferent
4.2.0,field_type_swap_leaf_nested,field_type,Nested,ctdc_rt_exact_ordered,CtdcRuntime,BaselineAsFound,ReportsDifferent
4.2.0,field_type_swap_leaf_nested,field_type,Nested,ctdc_rt_exact_by_position,CtdcRuntime,DriftedAsFound,ReportsDifferent
4.2.0,field_type_swap_leaf_nested,field_type,Nested,ctdc_rt_exact_by_position,CtdcRuntime,BaselineAsFound,ReportsDifferent
4.2.0,field_type_swap_leaf_nested,field_type,Nested,ctdc_rt_backward,CtdcRuntime,DriftedAsFound,ReportsDifferent
4.2.0,field_type_swap_leaf_nested,field_type,Nested,ctdc_rt_backward,CtdcRuntime,BaselineAsFound,ReportsDifferent
4.2.0,field_type_swap_leaf_nested,field_type,Nested,ctdc_rt_forward,CtdcRuntime,DriftedAsFound,ReportsDifferent
4.2.0,field_type_swap_leaf_nested,field_type,Nested,ctdc_rt_forward,CtdcRuntime,BaselineAsFound,ReportsDifferent
4.2.0,field_type_swap_leaf_nested,field_type,Nested,ctdc_engine_exact,CtdcPolicyEngine,DriftedAsFound,ReportsDifferent
4.2.0,field_type_swap_leaf_nested,field_type,Nested,ctdc_engine_exact,CtdcPolicyEngine,BaselineAsFound,ReportsDifferent
4.2.0,field_type_swap_leaf_nested,field_type,Nested,ctdc_engine_exact_unordered_ci,CtdcPolicyEngine,DriftedAsFound,ReportsDifferent
4.2.0,field_type_swap_leaf_nested,field_type,Nested,ctdc_engine_exact_unordered_ci,CtdcPolicyEngine,BaselineAsFound,ReportsDifferent
4.2.0,field_type_swap_leaf_nested,field_type,Nested,ctdc_engine_exact_ordered,CtdcPolicyEngine,DriftedAsFound,ReportsDifferent
4.2.0,field_type_swap_leaf_nested,field_type,Nested,ctdc_engine_exact_ordered,CtdcPolicyEngine,BaselineAsFound,ReportsDifferent
4.2.0,field_type_swap_leaf_nested,field_type,Nested,ctdc_engine_exact_by_position,CtdcPolicyEngine,DriftedAsFound,ReportsDifferent
4.2.0,field_type_swap_leaf_nested,field_type,Nested,ctdc_engine_exact_by_position,CtdcPolicyEngine,BaselineAsFound,ReportsDifferent
4.2.0,field_type_swap_leaf_nested,field_type,Nested,ctdc_engine_backward,CtdcPolicyEngine,DriftedAsFound,ReportsDifferent
4.2.0,field_type_swap_leaf_nested,field_type,Nested,ctdc_engine_backward,CtdcPolicyEngine,BaselineAsFound,ReportsDifferent
4.2.0,field_type_swap_leaf_nested,field_type,Nested,ctdc_engine_forward,CtdcPolicyEngine,DriftedAsFound,ReportsDifferent
4.2.0,field_type_swap_leaf_nested,field_type,Nested,ctdc_engine_forward,CtdcPolicyEngine,BaselineAsFound,ReportsDifferent
4.2.0,field_type_swap_leaf_nested,field_type,Nested,avro_reader_writer_resolution,AvroResolution,DriftedAsFound,ReportsDifferent
4.2.0,field_type_swap_leaf_nested,field_type,Nested,avro_reader_writer_resolution,AvroResolution,BaselineAsFound,ReportsDifferent
4.2.0,field_type_swap_kind_root,field_type,Root,spark_equals,Spark,DriftedAsFound,ReportsDifferent
4.2.0,field_type_swap_kind_root,field_type,Root,spark_equals,Spark,BaselineAsFound,ReportsDifferent
4.2.0,field_type_swap_kind_root,field_type,Root,spark_same_type,Spark,DriftedAsFound,ReportsDifferent
4.2.0,field_type_swap_kind_root,field_type,Root,spark_same_type,Spark,BaselineAsFound,ReportsDifferent
4.2.0,field_type_swap_kind_root,field_type,Root,spark_equals_ignore_nullability,Spark,DriftedAsFound,ReportsDifferent
4.2.0,field_type_swap_kind_root,field_type,Root,spark_equals_ignore_nullability,Spark,BaselineAsFound,ReportsDifferent
4.2.0,field_type_swap_kind_root,field_type,Root,spark_equals_ignore_case_and_nullability,Spark,DriftedAsFound,ReportsDifferent
4.2.0,field_type_swap_kind_root,field_type,Root,spark_equals_ignore_case_and_nullability,Spark,BaselineAsFound,ReportsDifferent
4.2.0,field_type_swap_kind_root,field_type,Root,spark_equals_ignore_compatible_nullability,Spark,DriftedAsFound,ReportsDifferent
4.2.0,field_type_swap_kind_root,field_type,Root,spark_equals_ignore_compatible_nullability,Spark,BaselineAsFound,ReportsDifferent
4.2.0,field_type_swap_kind_root,field_type,Root,spark_equals_ignore_name_and_compatible_nullability,Spark,DriftedAsFound,ReportsDifferent
4.2.0,field_type_swap_kind_root,field_type,Root,spark_equals_ignore_name_and_compatible_nullability,Spark,BaselineAsFound,ReportsDifferent
4.2.0,field_type_swap_kind_root,field_type,Root,spark_equals_structurally_strict,Spark,DriftedAsFound,ReportsDifferent
4.2.0,field_type_swap_kind_root,field_type,Root,spark_equals_structurally_strict,Spark,BaselineAsFound,ReportsDifferent
4.2.0,field_type_swap_kind_root,field_type,Root,spark_equals_structurally_ignore_nullability,Spark,DriftedAsFound,ReportsDifferent
4.2.0,field_type_swap_kind_root,field_type,Root,spark_equals_structurally_ignore_nullability,Spark,BaselineAsFound,ReportsDifferent
4.2.0,field_type_swap_kind_root,field_type,Root,spark_equals_structurally_by_name_cs,Spark,DriftedAsFound,ReportsEqual
4.2.0,field_type_swap_kind_root,field_type,Root,spark_equals_structurally_by_name_cs,Spark,BaselineAsFound,ReportsEqual
4.2.0,field_type_swap_kind_root,field_type,Root,spark_equals_structurally_by_name_ci,Spark,DriftedAsFound,ReportsEqual
4.2.0,field_type_swap_kind_root,field_type,Root,spark_equals_structurally_by_name_ci,Spark,BaselineAsFound,ReportsEqual
4.2.0,field_type_swap_kind_root,field_type,Root,ctdc_rt_exact,CtdcRuntime,DriftedAsFound,ReportsDifferent
4.2.0,field_type_swap_kind_root,field_type,Root,ctdc_rt_exact,CtdcRuntime,BaselineAsFound,ReportsDifferent
4.2.0,field_type_swap_kind_root,field_type,Root,ctdc_rt_exact_unordered_ci,CtdcRuntime,DriftedAsFound,ReportsDifferent
4.2.0,field_type_swap_kind_root,field_type,Root,ctdc_rt_exact_unordered_ci,CtdcRuntime,BaselineAsFound,ReportsDifferent
4.2.0,field_type_swap_kind_root,field_type,Root,ctdc_rt_exact_ordered,CtdcRuntime,DriftedAsFound,ReportsDifferent
4.2.0,field_type_swap_kind_root,field_type,Root,ctdc_rt_exact_ordered,CtdcRuntime,BaselineAsFound,ReportsDifferent
4.2.0,field_type_swap_kind_root,field_type,Root,ctdc_rt_exact_by_position,CtdcRuntime,DriftedAsFound,ReportsDifferent
4.2.0,field_type_swap_kind_root,field_type,Root,ctdc_rt_exact_by_position,CtdcRuntime,BaselineAsFound,ReportsDifferent
4.2.0,field_type_swap_kind_root,field_type,Root,ctdc_rt_backward,CtdcRuntime,DriftedAsFound,ReportsDifferent
4.2.0,field_type_swap_kind_root,field_type,Root,ctdc_rt_backward,CtdcRuntime,BaselineAsFound,ReportsDifferent
4.2.0,field_type_swap_kind_root,field_type,Root,ctdc_rt_forward,CtdcRuntime,DriftedAsFound,ReportsDifferent
4.2.0,field_type_swap_kind_root,field_type,Root,ctdc_rt_forward,CtdcRuntime,BaselineAsFound,ReportsDifferent
4.2.0,field_type_swap_kind_root,field_type,Root,ctdc_engine_exact,CtdcPolicyEngine,DriftedAsFound,ReportsDifferent
4.2.0,field_type_swap_kind_root,field_type,Root,ctdc_engine_exact,CtdcPolicyEngine,BaselineAsFound,ReportsDifferent
4.2.0,field_type_swap_kind_root,field_type,Root,ctdc_engine_exact_unordered_ci,CtdcPolicyEngine,DriftedAsFound,ReportsDifferent
4.2.0,field_type_swap_kind_root,field_type,Root,ctdc_engine_exact_unordered_ci,CtdcPolicyEngine,BaselineAsFound,ReportsDifferent
4.2.0,field_type_swap_kind_root,field_type,Root,ctdc_engine_exact_ordered,CtdcPolicyEngine,DriftedAsFound,ReportsDifferent
4.2.0,field_type_swap_kind_root,field_type,Root,ctdc_engine_exact_ordered,CtdcPolicyEngine,BaselineAsFound,ReportsDifferent
4.2.0,field_type_swap_kind_root,field_type,Root,ctdc_engine_exact_by_position,CtdcPolicyEngine,DriftedAsFound,ReportsDifferent
4.2.0,field_type_swap_kind_root,field_type,Root,ctdc_engine_exact_by_position,CtdcPolicyEngine,BaselineAsFound,ReportsDifferent
4.2.0,field_type_swap_kind_root,field_type,Root,ctdc_engine_backward,CtdcPolicyEngine,DriftedAsFound,ReportsDifferent
4.2.0,field_type_swap_kind_root,field_type,Root,ctdc_engine_backward,CtdcPolicyEngine,BaselineAsFound,ReportsDifferent
4.2.0,field_type_swap_kind_root,field_type,Root,ctdc_engine_forward,CtdcPolicyEngine,DriftedAsFound,ReportsDifferent
4.2.0,field_type_swap_kind_root,field_type,Root,ctdc_engine_forward,CtdcPolicyEngine,BaselineAsFound,ReportsDifferent
4.2.0,field_type_swap_kind_root,field_type,Root,avro_reader_writer_resolution,AvroResolution,DriftedAsFound,ReportsDifferent
4.2.0,field_type_swap_kind_root,field_type,Root,avro_reader_writer_resolution,AvroResolution,BaselineAsFound,ReportsDifferent
4.2.0,field_type_swap_kind_nested,field_type,Nested,spark_equals,Spark,DriftedAsFound,ReportsDifferent
4.2.0,field_type_swap_kind_nested,field_type,Nested,spark_equals,Spark,BaselineAsFound,ReportsDifferent
4.2.0,field_type_swap_kind_nested,field_type,Nested,spark_same_type,Spark,DriftedAsFound,ReportsDifferent
4.2.0,field_type_swap_kind_nested,field_type,Nested,spark_same_type,Spark,BaselineAsFound,ReportsDifferent
4.2.0,field_type_swap_kind_nested,field_type,Nested,spark_equals_ignore_nullability,Spark,DriftedAsFound,ReportsDifferent
4.2.0,field_type_swap_kind_nested,field_type,Nested,spark_equals_ignore_nullability,Spark,BaselineAsFound,ReportsDifferent
4.2.0,field_type_swap_kind_nested,field_type,Nested,spark_equals_ignore_case_and_nullability,Spark,DriftedAsFound,ReportsDifferent
4.2.0,field_type_swap_kind_nested,field_type,Nested,spark_equals_ignore_case_and_nullability,Spark,BaselineAsFound,ReportsDifferent
4.2.0,field_type_swap_kind_nested,field_type,Nested,spark_equals_ignore_compatible_nullability,Spark,DriftedAsFound,ReportsDifferent
4.2.0,field_type_swap_kind_nested,field_type,Nested,spark_equals_ignore_compatible_nullability,Spark,BaselineAsFound,ReportsDifferent
4.2.0,field_type_swap_kind_nested,field_type,Nested,spark_equals_ignore_name_and_compatible_nullability,Spark,DriftedAsFound,ReportsDifferent
4.2.0,field_type_swap_kind_nested,field_type,Nested,spark_equals_ignore_name_and_compatible_nullability,Spark,BaselineAsFound,ReportsDifferent
4.2.0,field_type_swap_kind_nested,field_type,Nested,spark_equals_structurally_strict,Spark,DriftedAsFound,ReportsDifferent
4.2.0,field_type_swap_kind_nested,field_type,Nested,spark_equals_structurally_strict,Spark,BaselineAsFound,ReportsDifferent
4.2.0,field_type_swap_kind_nested,field_type,Nested,spark_equals_structurally_ignore_nullability,Spark,DriftedAsFound,ReportsDifferent
4.2.0,field_type_swap_kind_nested,field_type,Nested,spark_equals_structurally_ignore_nullability,Spark,BaselineAsFound,ReportsDifferent
4.2.0,field_type_swap_kind_nested,field_type,Nested,spark_equals_structurally_by_name_cs,Spark,DriftedAsFound,ReportsEqual
4.2.0,field_type_swap_kind_nested,field_type,Nested,spark_equals_structurally_by_name_cs,Spark,BaselineAsFound,ReportsEqual
4.2.0,field_type_swap_kind_nested,field_type,Nested,spark_equals_structurally_by_name_ci,Spark,DriftedAsFound,ReportsEqual
4.2.0,field_type_swap_kind_nested,field_type,Nested,spark_equals_structurally_by_name_ci,Spark,BaselineAsFound,ReportsEqual
4.2.0,field_type_swap_kind_nested,field_type,Nested,ctdc_rt_exact,CtdcRuntime,DriftedAsFound,ReportsDifferent
4.2.0,field_type_swap_kind_nested,field_type,Nested,ctdc_rt_exact,CtdcRuntime,BaselineAsFound,ReportsDifferent
4.2.0,field_type_swap_kind_nested,field_type,Nested,ctdc_rt_exact_unordered_ci,CtdcRuntime,DriftedAsFound,ReportsDifferent
4.2.0,field_type_swap_kind_nested,field_type,Nested,ctdc_rt_exact_unordered_ci,CtdcRuntime,BaselineAsFound,ReportsDifferent
4.2.0,field_type_swap_kind_nested,field_type,Nested,ctdc_rt_exact_ordered,CtdcRuntime,DriftedAsFound,ReportsDifferent
4.2.0,field_type_swap_kind_nested,field_type,Nested,ctdc_rt_exact_ordered,CtdcRuntime,BaselineAsFound,ReportsDifferent
4.2.0,field_type_swap_kind_nested,field_type,Nested,ctdc_rt_exact_by_position,CtdcRuntime,DriftedAsFound,ReportsDifferent
4.2.0,field_type_swap_kind_nested,field_type,Nested,ctdc_rt_exact_by_position,CtdcRuntime,BaselineAsFound,ReportsDifferent
4.2.0,field_type_swap_kind_nested,field_type,Nested,ctdc_rt_backward,CtdcRuntime,DriftedAsFound,ReportsDifferent
4.2.0,field_type_swap_kind_nested,field_type,Nested,ctdc_rt_backward,CtdcRuntime,BaselineAsFound,ReportsDifferent
4.2.0,field_type_swap_kind_nested,field_type,Nested,ctdc_rt_forward,CtdcRuntime,DriftedAsFound,ReportsDifferent
4.2.0,field_type_swap_kind_nested,field_type,Nested,ctdc_rt_forward,CtdcRuntime,BaselineAsFound,ReportsDifferent
4.2.0,field_type_swap_kind_nested,field_type,Nested,ctdc_engine_exact,CtdcPolicyEngine,DriftedAsFound,ReportsDifferent
4.2.0,field_type_swap_kind_nested,field_type,Nested,ctdc_engine_exact,CtdcPolicyEngine,BaselineAsFound,ReportsDifferent
4.2.0,field_type_swap_kind_nested,field_type,Nested,ctdc_engine_exact_unordered_ci,CtdcPolicyEngine,DriftedAsFound,ReportsDifferent
4.2.0,field_type_swap_kind_nested,field_type,Nested,ctdc_engine_exact_unordered_ci,CtdcPolicyEngine,BaselineAsFound,ReportsDifferent
4.2.0,field_type_swap_kind_nested,field_type,Nested,ctdc_engine_exact_ordered,CtdcPolicyEngine,DriftedAsFound,ReportsDifferent
4.2.0,field_type_swap_kind_nested,field_type,Nested,ctdc_engine_exact_ordered,CtdcPolicyEngine,BaselineAsFound,ReportsDifferent
4.2.0,field_type_swap_kind_nested,field_type,Nested,ctdc_engine_exact_by_position,CtdcPolicyEngine,DriftedAsFound,ReportsDifferent
4.2.0,field_type_swap_kind_nested,field_type,Nested,ctdc_engine_exact_by_position,CtdcPolicyEngine,BaselineAsFound,ReportsDifferent
4.2.0,field_type_swap_kind_nested,field_type,Nested,ctdc_engine_backward,CtdcPolicyEngine,DriftedAsFound,ReportsDifferent
4.2.0,field_type_swap_kind_nested,field_type,Nested,ctdc_engine_backward,CtdcPolicyEngine,BaselineAsFound,ReportsDifferent
4.2.0,field_type_swap_kind_nested,field_type,Nested,ctdc_engine_forward,CtdcPolicyEngine,DriftedAsFound,ReportsDifferent
4.2.0,field_type_swap_kind_nested,field_type,Nested,ctdc_engine_forward,CtdcPolicyEngine,BaselineAsFound,ReportsDifferent
4.2.0,field_type_swap_kind_nested,field_type,Nested,avro_reader_writer_resolution,AvroResolution,DriftedAsFound,ReportsDifferent
4.2.0,field_type_swap_kind_nested,field_type,Nested,avro_reader_writer_resolution,AvroResolution,BaselineAsFound,ReportsDifferent
4.2.0,array_contains_null_flip_root,array_contains_null,Root,spark_equals,Spark,DriftedAsFound,ReportsDifferent
4.2.0,array_contains_null_flip_root,array_contains_null,Root,spark_equals,Spark,BaselineAsFound,ReportsDifferent
4.2.0,array_contains_null_flip_root,array_contains_null,Root,spark_same_type,Spark,DriftedAsFound,ReportsEqual
4.2.0,array_contains_null_flip_root,array_contains_null,Root,spark_same_type,Spark,BaselineAsFound,ReportsEqual
4.2.0,array_contains_null_flip_root,array_contains_null,Root,spark_equals_ignore_nullability,Spark,DriftedAsFound,ReportsEqual
4.2.0,array_contains_null_flip_root,array_contains_null,Root,spark_equals_ignore_nullability,Spark,BaselineAsFound,ReportsEqual
4.2.0,array_contains_null_flip_root,array_contains_null,Root,spark_equals_ignore_case_and_nullability,Spark,DriftedAsFound,ReportsEqual
4.2.0,array_contains_null_flip_root,array_contains_null,Root,spark_equals_ignore_case_and_nullability,Spark,BaselineAsFound,ReportsEqual
4.2.0,array_contains_null_flip_root,array_contains_null,Root,spark_equals_ignore_compatible_nullability,Spark,DriftedAsFound,ReportsDifferent
4.2.0,array_contains_null_flip_root,array_contains_null,Root,spark_equals_ignore_compatible_nullability,Spark,BaselineAsFound,ReportsEqual
4.2.0,array_contains_null_flip_root,array_contains_null,Root,spark_equals_ignore_name_and_compatible_nullability,Spark,DriftedAsFound,ReportsDifferent
4.2.0,array_contains_null_flip_root,array_contains_null,Root,spark_equals_ignore_name_and_compatible_nullability,Spark,BaselineAsFound,ReportsEqual
4.2.0,array_contains_null_flip_root,array_contains_null,Root,spark_equals_structurally_strict,Spark,DriftedAsFound,ReportsDifferent
4.2.0,array_contains_null_flip_root,array_contains_null,Root,spark_equals_structurally_strict,Spark,BaselineAsFound,ReportsDifferent
4.2.0,array_contains_null_flip_root,array_contains_null,Root,spark_equals_structurally_ignore_nullability,Spark,DriftedAsFound,ReportsEqual
4.2.0,array_contains_null_flip_root,array_contains_null,Root,spark_equals_structurally_ignore_nullability,Spark,BaselineAsFound,ReportsEqual
4.2.0,array_contains_null_flip_root,array_contains_null,Root,spark_equals_structurally_by_name_cs,Spark,DriftedAsFound,ReportsEqual
4.2.0,array_contains_null_flip_root,array_contains_null,Root,spark_equals_structurally_by_name_cs,Spark,BaselineAsFound,ReportsEqual
4.2.0,array_contains_null_flip_root,array_contains_null,Root,spark_equals_structurally_by_name_ci,Spark,DriftedAsFound,ReportsEqual
4.2.0,array_contains_null_flip_root,array_contains_null,Root,spark_equals_structurally_by_name_ci,Spark,BaselineAsFound,ReportsEqual
4.2.0,array_contains_null_flip_root,array_contains_null,Root,ctdc_rt_exact,CtdcRuntime,DriftedAsFound,ReportsEqual
4.2.0,array_contains_null_flip_root,array_contains_null,Root,ctdc_rt_exact,CtdcRuntime,BaselineAsFound,ReportsEqual
4.2.0,array_contains_null_flip_root,array_contains_null,Root,ctdc_rt_exact_unordered_ci,CtdcRuntime,DriftedAsFound,ReportsEqual
4.2.0,array_contains_null_flip_root,array_contains_null,Root,ctdc_rt_exact_unordered_ci,CtdcRuntime,BaselineAsFound,ReportsEqual
4.2.0,array_contains_null_flip_root,array_contains_null,Root,ctdc_rt_exact_ordered,CtdcRuntime,DriftedAsFound,ReportsEqual
4.2.0,array_contains_null_flip_root,array_contains_null,Root,ctdc_rt_exact_ordered,CtdcRuntime,BaselineAsFound,ReportsEqual
4.2.0,array_contains_null_flip_root,array_contains_null,Root,ctdc_rt_exact_by_position,CtdcRuntime,DriftedAsFound,ReportsEqual
4.2.0,array_contains_null_flip_root,array_contains_null,Root,ctdc_rt_exact_by_position,CtdcRuntime,BaselineAsFound,ReportsEqual
4.2.0,array_contains_null_flip_root,array_contains_null,Root,ctdc_rt_backward,CtdcRuntime,DriftedAsFound,ReportsEqual
4.2.0,array_contains_null_flip_root,array_contains_null,Root,ctdc_rt_backward,CtdcRuntime,BaselineAsFound,ReportsEqual
4.2.0,array_contains_null_flip_root,array_contains_null,Root,ctdc_rt_forward,CtdcRuntime,DriftedAsFound,ReportsEqual
4.2.0,array_contains_null_flip_root,array_contains_null,Root,ctdc_rt_forward,CtdcRuntime,BaselineAsFound,ReportsEqual
4.2.0,array_contains_null_flip_root,array_contains_null,Root,ctdc_engine_exact,CtdcPolicyEngine,DriftedAsFound,ReportsDifferent
4.2.0,array_contains_null_flip_root,array_contains_null,Root,ctdc_engine_exact,CtdcPolicyEngine,BaselineAsFound,ReportsDifferent
4.2.0,array_contains_null_flip_root,array_contains_null,Root,ctdc_engine_exact_unordered_ci,CtdcPolicyEngine,DriftedAsFound,ReportsDifferent
4.2.0,array_contains_null_flip_root,array_contains_null,Root,ctdc_engine_exact_unordered_ci,CtdcPolicyEngine,BaselineAsFound,ReportsDifferent
4.2.0,array_contains_null_flip_root,array_contains_null,Root,ctdc_engine_exact_ordered,CtdcPolicyEngine,DriftedAsFound,ReportsDifferent
4.2.0,array_contains_null_flip_root,array_contains_null,Root,ctdc_engine_exact_ordered,CtdcPolicyEngine,BaselineAsFound,ReportsDifferent
4.2.0,array_contains_null_flip_root,array_contains_null,Root,ctdc_engine_exact_by_position,CtdcPolicyEngine,DriftedAsFound,ReportsDifferent
4.2.0,array_contains_null_flip_root,array_contains_null,Root,ctdc_engine_exact_by_position,CtdcPolicyEngine,BaselineAsFound,ReportsDifferent
4.2.0,array_contains_null_flip_root,array_contains_null,Root,ctdc_engine_backward,CtdcPolicyEngine,DriftedAsFound,ReportsDifferent
4.2.0,array_contains_null_flip_root,array_contains_null,Root,ctdc_engine_backward,CtdcPolicyEngine,BaselineAsFound,ReportsEqual
4.2.0,array_contains_null_flip_root,array_contains_null,Root,ctdc_engine_forward,CtdcPolicyEngine,DriftedAsFound,ReportsDifferent
4.2.0,array_contains_null_flip_root,array_contains_null,Root,ctdc_engine_forward,CtdcPolicyEngine,BaselineAsFound,ReportsEqual
4.2.0,array_contains_null_flip_root,array_contains_null,Root,avro_reader_writer_resolution,AvroResolution,DriftedAsFound,ReportsDifferent
4.2.0,array_contains_null_flip_root,array_contains_null,Root,avro_reader_writer_resolution,AvroResolution,BaselineAsFound,ReportsEqual
4.2.0,array_contains_null_flip_nested,array_contains_null,Nested,spark_equals,Spark,DriftedAsFound,ReportsDifferent
4.2.0,array_contains_null_flip_nested,array_contains_null,Nested,spark_equals,Spark,BaselineAsFound,ReportsDifferent
4.2.0,array_contains_null_flip_nested,array_contains_null,Nested,spark_same_type,Spark,DriftedAsFound,ReportsEqual
4.2.0,array_contains_null_flip_nested,array_contains_null,Nested,spark_same_type,Spark,BaselineAsFound,ReportsEqual
4.2.0,array_contains_null_flip_nested,array_contains_null,Nested,spark_equals_ignore_nullability,Spark,DriftedAsFound,ReportsEqual
4.2.0,array_contains_null_flip_nested,array_contains_null,Nested,spark_equals_ignore_nullability,Spark,BaselineAsFound,ReportsEqual
4.2.0,array_contains_null_flip_nested,array_contains_null,Nested,spark_equals_ignore_case_and_nullability,Spark,DriftedAsFound,ReportsEqual
4.2.0,array_contains_null_flip_nested,array_contains_null,Nested,spark_equals_ignore_case_and_nullability,Spark,BaselineAsFound,ReportsEqual
4.2.0,array_contains_null_flip_nested,array_contains_null,Nested,spark_equals_ignore_compatible_nullability,Spark,DriftedAsFound,ReportsDifferent
4.2.0,array_contains_null_flip_nested,array_contains_null,Nested,spark_equals_ignore_compatible_nullability,Spark,BaselineAsFound,ReportsEqual
4.2.0,array_contains_null_flip_nested,array_contains_null,Nested,spark_equals_ignore_name_and_compatible_nullability,Spark,DriftedAsFound,ReportsDifferent
4.2.0,array_contains_null_flip_nested,array_contains_null,Nested,spark_equals_ignore_name_and_compatible_nullability,Spark,BaselineAsFound,ReportsEqual
4.2.0,array_contains_null_flip_nested,array_contains_null,Nested,spark_equals_structurally_strict,Spark,DriftedAsFound,ReportsDifferent
4.2.0,array_contains_null_flip_nested,array_contains_null,Nested,spark_equals_structurally_strict,Spark,BaselineAsFound,ReportsDifferent
4.2.0,array_contains_null_flip_nested,array_contains_null,Nested,spark_equals_structurally_ignore_nullability,Spark,DriftedAsFound,ReportsEqual
4.2.0,array_contains_null_flip_nested,array_contains_null,Nested,spark_equals_structurally_ignore_nullability,Spark,BaselineAsFound,ReportsEqual
4.2.0,array_contains_null_flip_nested,array_contains_null,Nested,spark_equals_structurally_by_name_cs,Spark,DriftedAsFound,ReportsEqual
4.2.0,array_contains_null_flip_nested,array_contains_null,Nested,spark_equals_structurally_by_name_cs,Spark,BaselineAsFound,ReportsEqual
4.2.0,array_contains_null_flip_nested,array_contains_null,Nested,spark_equals_structurally_by_name_ci,Spark,DriftedAsFound,ReportsEqual
4.2.0,array_contains_null_flip_nested,array_contains_null,Nested,spark_equals_structurally_by_name_ci,Spark,BaselineAsFound,ReportsEqual
4.2.0,array_contains_null_flip_nested,array_contains_null,Nested,ctdc_rt_exact,CtdcRuntime,DriftedAsFound,ReportsEqual
4.2.0,array_contains_null_flip_nested,array_contains_null,Nested,ctdc_rt_exact,CtdcRuntime,BaselineAsFound,ReportsEqual
4.2.0,array_contains_null_flip_nested,array_contains_null,Nested,ctdc_rt_exact_unordered_ci,CtdcRuntime,DriftedAsFound,ReportsEqual
4.2.0,array_contains_null_flip_nested,array_contains_null,Nested,ctdc_rt_exact_unordered_ci,CtdcRuntime,BaselineAsFound,ReportsEqual
4.2.0,array_contains_null_flip_nested,array_contains_null,Nested,ctdc_rt_exact_ordered,CtdcRuntime,DriftedAsFound,ReportsEqual
4.2.0,array_contains_null_flip_nested,array_contains_null,Nested,ctdc_rt_exact_ordered,CtdcRuntime,BaselineAsFound,ReportsEqual
4.2.0,array_contains_null_flip_nested,array_contains_null,Nested,ctdc_rt_exact_by_position,CtdcRuntime,DriftedAsFound,ReportsEqual
4.2.0,array_contains_null_flip_nested,array_contains_null,Nested,ctdc_rt_exact_by_position,CtdcRuntime,BaselineAsFound,ReportsEqual
4.2.0,array_contains_null_flip_nested,array_contains_null,Nested,ctdc_rt_backward,CtdcRuntime,DriftedAsFound,ReportsEqual
4.2.0,array_contains_null_flip_nested,array_contains_null,Nested,ctdc_rt_backward,CtdcRuntime,BaselineAsFound,ReportsEqual
4.2.0,array_contains_null_flip_nested,array_contains_null,Nested,ctdc_rt_forward,CtdcRuntime,DriftedAsFound,ReportsEqual
4.2.0,array_contains_null_flip_nested,array_contains_null,Nested,ctdc_rt_forward,CtdcRuntime,BaselineAsFound,ReportsEqual
4.2.0,array_contains_null_flip_nested,array_contains_null,Nested,ctdc_engine_exact,CtdcPolicyEngine,DriftedAsFound,ReportsDifferent
4.2.0,array_contains_null_flip_nested,array_contains_null,Nested,ctdc_engine_exact,CtdcPolicyEngine,BaselineAsFound,ReportsDifferent
4.2.0,array_contains_null_flip_nested,array_contains_null,Nested,ctdc_engine_exact_unordered_ci,CtdcPolicyEngine,DriftedAsFound,ReportsDifferent
4.2.0,array_contains_null_flip_nested,array_contains_null,Nested,ctdc_engine_exact_unordered_ci,CtdcPolicyEngine,BaselineAsFound,ReportsDifferent
4.2.0,array_contains_null_flip_nested,array_contains_null,Nested,ctdc_engine_exact_ordered,CtdcPolicyEngine,DriftedAsFound,ReportsDifferent
4.2.0,array_contains_null_flip_nested,array_contains_null,Nested,ctdc_engine_exact_ordered,CtdcPolicyEngine,BaselineAsFound,ReportsDifferent
4.2.0,array_contains_null_flip_nested,array_contains_null,Nested,ctdc_engine_exact_by_position,CtdcPolicyEngine,DriftedAsFound,ReportsDifferent
4.2.0,array_contains_null_flip_nested,array_contains_null,Nested,ctdc_engine_exact_by_position,CtdcPolicyEngine,BaselineAsFound,ReportsDifferent
4.2.0,array_contains_null_flip_nested,array_contains_null,Nested,ctdc_engine_backward,CtdcPolicyEngine,DriftedAsFound,ReportsDifferent
4.2.0,array_contains_null_flip_nested,array_contains_null,Nested,ctdc_engine_backward,CtdcPolicyEngine,BaselineAsFound,ReportsEqual
4.2.0,array_contains_null_flip_nested,array_contains_null,Nested,ctdc_engine_forward,CtdcPolicyEngine,DriftedAsFound,ReportsDifferent
4.2.0,array_contains_null_flip_nested,array_contains_null,Nested,ctdc_engine_forward,CtdcPolicyEngine,BaselineAsFound,ReportsEqual
4.2.0,array_contains_null_flip_nested,array_contains_null,Nested,avro_reader_writer_resolution,AvroResolution,DriftedAsFound,ReportsDifferent
4.2.0,array_contains_null_flip_nested,array_contains_null,Nested,avro_reader_writer_resolution,AvroResolution,BaselineAsFound,ReportsEqual
4.2.0,array_element_widen_leaf_root,array_element,Root,spark_equals,Spark,DriftedAsFound,ReportsDifferent
4.2.0,array_element_widen_leaf_root,array_element,Root,spark_equals,Spark,BaselineAsFound,ReportsDifferent
4.2.0,array_element_widen_leaf_root,array_element,Root,spark_same_type,Spark,DriftedAsFound,ReportsDifferent
4.2.0,array_element_widen_leaf_root,array_element,Root,spark_same_type,Spark,BaselineAsFound,ReportsDifferent
4.2.0,array_element_widen_leaf_root,array_element,Root,spark_equals_ignore_nullability,Spark,DriftedAsFound,ReportsDifferent
4.2.0,array_element_widen_leaf_root,array_element,Root,spark_equals_ignore_nullability,Spark,BaselineAsFound,ReportsDifferent
4.2.0,array_element_widen_leaf_root,array_element,Root,spark_equals_ignore_case_and_nullability,Spark,DriftedAsFound,ReportsDifferent
4.2.0,array_element_widen_leaf_root,array_element,Root,spark_equals_ignore_case_and_nullability,Spark,BaselineAsFound,ReportsDifferent
4.2.0,array_element_widen_leaf_root,array_element,Root,spark_equals_ignore_compatible_nullability,Spark,DriftedAsFound,ReportsDifferent
4.2.0,array_element_widen_leaf_root,array_element,Root,spark_equals_ignore_compatible_nullability,Spark,BaselineAsFound,ReportsDifferent
4.2.0,array_element_widen_leaf_root,array_element,Root,spark_equals_ignore_name_and_compatible_nullability,Spark,DriftedAsFound,ReportsDifferent
4.2.0,array_element_widen_leaf_root,array_element,Root,spark_equals_ignore_name_and_compatible_nullability,Spark,BaselineAsFound,ReportsDifferent
4.2.0,array_element_widen_leaf_root,array_element,Root,spark_equals_structurally_strict,Spark,DriftedAsFound,ReportsDifferent
4.2.0,array_element_widen_leaf_root,array_element,Root,spark_equals_structurally_strict,Spark,BaselineAsFound,ReportsDifferent
4.2.0,array_element_widen_leaf_root,array_element,Root,spark_equals_structurally_ignore_nullability,Spark,DriftedAsFound,ReportsDifferent
4.2.0,array_element_widen_leaf_root,array_element,Root,spark_equals_structurally_ignore_nullability,Spark,BaselineAsFound,ReportsDifferent
4.2.0,array_element_widen_leaf_root,array_element,Root,spark_equals_structurally_by_name_cs,Spark,DriftedAsFound,ReportsEqual
4.2.0,array_element_widen_leaf_root,array_element,Root,spark_equals_structurally_by_name_cs,Spark,BaselineAsFound,ReportsEqual
4.2.0,array_element_widen_leaf_root,array_element,Root,spark_equals_structurally_by_name_ci,Spark,DriftedAsFound,ReportsEqual
4.2.0,array_element_widen_leaf_root,array_element,Root,spark_equals_structurally_by_name_ci,Spark,BaselineAsFound,ReportsEqual
4.2.0,array_element_widen_leaf_root,array_element,Root,ctdc_rt_exact,CtdcRuntime,DriftedAsFound,ReportsDifferent
4.2.0,array_element_widen_leaf_root,array_element,Root,ctdc_rt_exact,CtdcRuntime,BaselineAsFound,ReportsDifferent
4.2.0,array_element_widen_leaf_root,array_element,Root,ctdc_rt_exact_unordered_ci,CtdcRuntime,DriftedAsFound,ReportsDifferent
4.2.0,array_element_widen_leaf_root,array_element,Root,ctdc_rt_exact_unordered_ci,CtdcRuntime,BaselineAsFound,ReportsDifferent
4.2.0,array_element_widen_leaf_root,array_element,Root,ctdc_rt_exact_ordered,CtdcRuntime,DriftedAsFound,ReportsDifferent
4.2.0,array_element_widen_leaf_root,array_element,Root,ctdc_rt_exact_ordered,CtdcRuntime,BaselineAsFound,ReportsDifferent
4.2.0,array_element_widen_leaf_root,array_element,Root,ctdc_rt_exact_by_position,CtdcRuntime,DriftedAsFound,ReportsDifferent
4.2.0,array_element_widen_leaf_root,array_element,Root,ctdc_rt_exact_by_position,CtdcRuntime,BaselineAsFound,ReportsDifferent
4.2.0,array_element_widen_leaf_root,array_element,Root,ctdc_rt_backward,CtdcRuntime,DriftedAsFound,ReportsDifferent
4.2.0,array_element_widen_leaf_root,array_element,Root,ctdc_rt_backward,CtdcRuntime,BaselineAsFound,ReportsDifferent
4.2.0,array_element_widen_leaf_root,array_element,Root,ctdc_rt_forward,CtdcRuntime,DriftedAsFound,ReportsDifferent
4.2.0,array_element_widen_leaf_root,array_element,Root,ctdc_rt_forward,CtdcRuntime,BaselineAsFound,ReportsDifferent
4.2.0,array_element_widen_leaf_root,array_element,Root,ctdc_engine_exact,CtdcPolicyEngine,DriftedAsFound,ReportsDifferent
4.2.0,array_element_widen_leaf_root,array_element,Root,ctdc_engine_exact,CtdcPolicyEngine,BaselineAsFound,ReportsDifferent
4.2.0,array_element_widen_leaf_root,array_element,Root,ctdc_engine_exact_unordered_ci,CtdcPolicyEngine,DriftedAsFound,ReportsDifferent
4.2.0,array_element_widen_leaf_root,array_element,Root,ctdc_engine_exact_unordered_ci,CtdcPolicyEngine,BaselineAsFound,ReportsDifferent
4.2.0,array_element_widen_leaf_root,array_element,Root,ctdc_engine_exact_ordered,CtdcPolicyEngine,DriftedAsFound,ReportsDifferent
4.2.0,array_element_widen_leaf_root,array_element,Root,ctdc_engine_exact_ordered,CtdcPolicyEngine,BaselineAsFound,ReportsDifferent
4.2.0,array_element_widen_leaf_root,array_element,Root,ctdc_engine_exact_by_position,CtdcPolicyEngine,DriftedAsFound,ReportsDifferent
4.2.0,array_element_widen_leaf_root,array_element,Root,ctdc_engine_exact_by_position,CtdcPolicyEngine,BaselineAsFound,ReportsDifferent
4.2.0,array_element_widen_leaf_root,array_element,Root,ctdc_engine_backward,CtdcPolicyEngine,DriftedAsFound,ReportsDifferent
4.2.0,array_element_widen_leaf_root,array_element,Root,ctdc_engine_backward,CtdcPolicyEngine,BaselineAsFound,ReportsDifferent
4.2.0,array_element_widen_leaf_root,array_element,Root,ctdc_engine_forward,CtdcPolicyEngine,DriftedAsFound,ReportsDifferent
4.2.0,array_element_widen_leaf_root,array_element,Root,ctdc_engine_forward,CtdcPolicyEngine,BaselineAsFound,ReportsDifferent
4.2.0,array_element_widen_leaf_root,array_element,Root,avro_reader_writer_resolution,AvroResolution,DriftedAsFound,ReportsDifferent
4.2.0,array_element_widen_leaf_root,array_element,Root,avro_reader_writer_resolution,AvroResolution,BaselineAsFound,ReportsEqual
4.2.0,array_element_widen_leaf_nested,array_element,Nested,spark_equals,Spark,DriftedAsFound,ReportsDifferent
4.2.0,array_element_widen_leaf_nested,array_element,Nested,spark_equals,Spark,BaselineAsFound,ReportsDifferent
4.2.0,array_element_widen_leaf_nested,array_element,Nested,spark_same_type,Spark,DriftedAsFound,ReportsDifferent
4.2.0,array_element_widen_leaf_nested,array_element,Nested,spark_same_type,Spark,BaselineAsFound,ReportsDifferent
4.2.0,array_element_widen_leaf_nested,array_element,Nested,spark_equals_ignore_nullability,Spark,DriftedAsFound,ReportsDifferent
4.2.0,array_element_widen_leaf_nested,array_element,Nested,spark_equals_ignore_nullability,Spark,BaselineAsFound,ReportsDifferent
4.2.0,array_element_widen_leaf_nested,array_element,Nested,spark_equals_ignore_case_and_nullability,Spark,DriftedAsFound,ReportsDifferent
4.2.0,array_element_widen_leaf_nested,array_element,Nested,spark_equals_ignore_case_and_nullability,Spark,BaselineAsFound,ReportsDifferent
4.2.0,array_element_widen_leaf_nested,array_element,Nested,spark_equals_ignore_compatible_nullability,Spark,DriftedAsFound,ReportsDifferent
4.2.0,array_element_widen_leaf_nested,array_element,Nested,spark_equals_ignore_compatible_nullability,Spark,BaselineAsFound,ReportsDifferent
4.2.0,array_element_widen_leaf_nested,array_element,Nested,spark_equals_ignore_name_and_compatible_nullability,Spark,DriftedAsFound,ReportsDifferent
4.2.0,array_element_widen_leaf_nested,array_element,Nested,spark_equals_ignore_name_and_compatible_nullability,Spark,BaselineAsFound,ReportsDifferent
4.2.0,array_element_widen_leaf_nested,array_element,Nested,spark_equals_structurally_strict,Spark,DriftedAsFound,ReportsDifferent
4.2.0,array_element_widen_leaf_nested,array_element,Nested,spark_equals_structurally_strict,Spark,BaselineAsFound,ReportsDifferent
4.2.0,array_element_widen_leaf_nested,array_element,Nested,spark_equals_structurally_ignore_nullability,Spark,DriftedAsFound,ReportsDifferent
4.2.0,array_element_widen_leaf_nested,array_element,Nested,spark_equals_structurally_ignore_nullability,Spark,BaselineAsFound,ReportsDifferent
4.2.0,array_element_widen_leaf_nested,array_element,Nested,spark_equals_structurally_by_name_cs,Spark,DriftedAsFound,ReportsEqual
4.2.0,array_element_widen_leaf_nested,array_element,Nested,spark_equals_structurally_by_name_cs,Spark,BaselineAsFound,ReportsEqual
4.2.0,array_element_widen_leaf_nested,array_element,Nested,spark_equals_structurally_by_name_ci,Spark,DriftedAsFound,ReportsEqual
4.2.0,array_element_widen_leaf_nested,array_element,Nested,spark_equals_structurally_by_name_ci,Spark,BaselineAsFound,ReportsEqual
4.2.0,array_element_widen_leaf_nested,array_element,Nested,ctdc_rt_exact,CtdcRuntime,DriftedAsFound,ReportsDifferent
4.2.0,array_element_widen_leaf_nested,array_element,Nested,ctdc_rt_exact,CtdcRuntime,BaselineAsFound,ReportsDifferent
4.2.0,array_element_widen_leaf_nested,array_element,Nested,ctdc_rt_exact_unordered_ci,CtdcRuntime,DriftedAsFound,ReportsDifferent
4.2.0,array_element_widen_leaf_nested,array_element,Nested,ctdc_rt_exact_unordered_ci,CtdcRuntime,BaselineAsFound,ReportsDifferent
4.2.0,array_element_widen_leaf_nested,array_element,Nested,ctdc_rt_exact_ordered,CtdcRuntime,DriftedAsFound,ReportsDifferent
4.2.0,array_element_widen_leaf_nested,array_element,Nested,ctdc_rt_exact_ordered,CtdcRuntime,BaselineAsFound,ReportsDifferent
4.2.0,array_element_widen_leaf_nested,array_element,Nested,ctdc_rt_exact_by_position,CtdcRuntime,DriftedAsFound,ReportsDifferent
4.2.0,array_element_widen_leaf_nested,array_element,Nested,ctdc_rt_exact_by_position,CtdcRuntime,BaselineAsFound,ReportsDifferent
4.2.0,array_element_widen_leaf_nested,array_element,Nested,ctdc_rt_backward,CtdcRuntime,DriftedAsFound,ReportsDifferent
4.2.0,array_element_widen_leaf_nested,array_element,Nested,ctdc_rt_backward,CtdcRuntime,BaselineAsFound,ReportsDifferent
4.2.0,array_element_widen_leaf_nested,array_element,Nested,ctdc_rt_forward,CtdcRuntime,DriftedAsFound,ReportsDifferent
4.2.0,array_element_widen_leaf_nested,array_element,Nested,ctdc_rt_forward,CtdcRuntime,BaselineAsFound,ReportsDifferent
4.2.0,array_element_widen_leaf_nested,array_element,Nested,ctdc_engine_exact,CtdcPolicyEngine,DriftedAsFound,ReportsDifferent
4.2.0,array_element_widen_leaf_nested,array_element,Nested,ctdc_engine_exact,CtdcPolicyEngine,BaselineAsFound,ReportsDifferent
4.2.0,array_element_widen_leaf_nested,array_element,Nested,ctdc_engine_exact_unordered_ci,CtdcPolicyEngine,DriftedAsFound,ReportsDifferent
4.2.0,array_element_widen_leaf_nested,array_element,Nested,ctdc_engine_exact_unordered_ci,CtdcPolicyEngine,BaselineAsFound,ReportsDifferent
4.2.0,array_element_widen_leaf_nested,array_element,Nested,ctdc_engine_exact_ordered,CtdcPolicyEngine,DriftedAsFound,ReportsDifferent
4.2.0,array_element_widen_leaf_nested,array_element,Nested,ctdc_engine_exact_ordered,CtdcPolicyEngine,BaselineAsFound,ReportsDifferent
4.2.0,array_element_widen_leaf_nested,array_element,Nested,ctdc_engine_exact_by_position,CtdcPolicyEngine,DriftedAsFound,ReportsDifferent
4.2.0,array_element_widen_leaf_nested,array_element,Nested,ctdc_engine_exact_by_position,CtdcPolicyEngine,BaselineAsFound,ReportsDifferent
4.2.0,array_element_widen_leaf_nested,array_element,Nested,ctdc_engine_backward,CtdcPolicyEngine,DriftedAsFound,ReportsDifferent
4.2.0,array_element_widen_leaf_nested,array_element,Nested,ctdc_engine_backward,CtdcPolicyEngine,BaselineAsFound,ReportsDifferent
4.2.0,array_element_widen_leaf_nested,array_element,Nested,ctdc_engine_forward,CtdcPolicyEngine,DriftedAsFound,ReportsDifferent
4.2.0,array_element_widen_leaf_nested,array_element,Nested,ctdc_engine_forward,CtdcPolicyEngine,BaselineAsFound,ReportsDifferent
4.2.0,array_element_widen_leaf_nested,array_element,Nested,avro_reader_writer_resolution,AvroResolution,DriftedAsFound,ReportsDifferent
4.2.0,array_element_widen_leaf_nested,array_element,Nested,avro_reader_writer_resolution,AvroResolution,BaselineAsFound,ReportsEqual
4.2.0,array_element_swap_leaf_root,array_element,Root,spark_equals,Spark,DriftedAsFound,ReportsDifferent
4.2.0,array_element_swap_leaf_root,array_element,Root,spark_equals,Spark,BaselineAsFound,ReportsDifferent
4.2.0,array_element_swap_leaf_root,array_element,Root,spark_same_type,Spark,DriftedAsFound,ReportsDifferent
4.2.0,array_element_swap_leaf_root,array_element,Root,spark_same_type,Spark,BaselineAsFound,ReportsDifferent
4.2.0,array_element_swap_leaf_root,array_element,Root,spark_equals_ignore_nullability,Spark,DriftedAsFound,ReportsDifferent
4.2.0,array_element_swap_leaf_root,array_element,Root,spark_equals_ignore_nullability,Spark,BaselineAsFound,ReportsDifferent
4.2.0,array_element_swap_leaf_root,array_element,Root,spark_equals_ignore_case_and_nullability,Spark,DriftedAsFound,ReportsDifferent
4.2.0,array_element_swap_leaf_root,array_element,Root,spark_equals_ignore_case_and_nullability,Spark,BaselineAsFound,ReportsDifferent
4.2.0,array_element_swap_leaf_root,array_element,Root,spark_equals_ignore_compatible_nullability,Spark,DriftedAsFound,ReportsDifferent
4.2.0,array_element_swap_leaf_root,array_element,Root,spark_equals_ignore_compatible_nullability,Spark,BaselineAsFound,ReportsDifferent
4.2.0,array_element_swap_leaf_root,array_element,Root,spark_equals_ignore_name_and_compatible_nullability,Spark,DriftedAsFound,ReportsDifferent
4.2.0,array_element_swap_leaf_root,array_element,Root,spark_equals_ignore_name_and_compatible_nullability,Spark,BaselineAsFound,ReportsDifferent
4.2.0,array_element_swap_leaf_root,array_element,Root,spark_equals_structurally_strict,Spark,DriftedAsFound,ReportsDifferent
4.2.0,array_element_swap_leaf_root,array_element,Root,spark_equals_structurally_strict,Spark,BaselineAsFound,ReportsDifferent
4.2.0,array_element_swap_leaf_root,array_element,Root,spark_equals_structurally_ignore_nullability,Spark,DriftedAsFound,ReportsDifferent
4.2.0,array_element_swap_leaf_root,array_element,Root,spark_equals_structurally_ignore_nullability,Spark,BaselineAsFound,ReportsDifferent
4.2.0,array_element_swap_leaf_root,array_element,Root,spark_equals_structurally_by_name_cs,Spark,DriftedAsFound,ReportsEqual
4.2.0,array_element_swap_leaf_root,array_element,Root,spark_equals_structurally_by_name_cs,Spark,BaselineAsFound,ReportsEqual
4.2.0,array_element_swap_leaf_root,array_element,Root,spark_equals_structurally_by_name_ci,Spark,DriftedAsFound,ReportsEqual
4.2.0,array_element_swap_leaf_root,array_element,Root,spark_equals_structurally_by_name_ci,Spark,BaselineAsFound,ReportsEqual
4.2.0,array_element_swap_leaf_root,array_element,Root,ctdc_rt_exact,CtdcRuntime,DriftedAsFound,ReportsDifferent
4.2.0,array_element_swap_leaf_root,array_element,Root,ctdc_rt_exact,CtdcRuntime,BaselineAsFound,ReportsDifferent
4.2.0,array_element_swap_leaf_root,array_element,Root,ctdc_rt_exact_unordered_ci,CtdcRuntime,DriftedAsFound,ReportsDifferent
4.2.0,array_element_swap_leaf_root,array_element,Root,ctdc_rt_exact_unordered_ci,CtdcRuntime,BaselineAsFound,ReportsDifferent
4.2.0,array_element_swap_leaf_root,array_element,Root,ctdc_rt_exact_ordered,CtdcRuntime,DriftedAsFound,ReportsDifferent
4.2.0,array_element_swap_leaf_root,array_element,Root,ctdc_rt_exact_ordered,CtdcRuntime,BaselineAsFound,ReportsDifferent
4.2.0,array_element_swap_leaf_root,array_element,Root,ctdc_rt_exact_by_position,CtdcRuntime,DriftedAsFound,ReportsDifferent
4.2.0,array_element_swap_leaf_root,array_element,Root,ctdc_rt_exact_by_position,CtdcRuntime,BaselineAsFound,ReportsDifferent
4.2.0,array_element_swap_leaf_root,array_element,Root,ctdc_rt_backward,CtdcRuntime,DriftedAsFound,ReportsDifferent
4.2.0,array_element_swap_leaf_root,array_element,Root,ctdc_rt_backward,CtdcRuntime,BaselineAsFound,ReportsDifferent
4.2.0,array_element_swap_leaf_root,array_element,Root,ctdc_rt_forward,CtdcRuntime,DriftedAsFound,ReportsDifferent
4.2.0,array_element_swap_leaf_root,array_element,Root,ctdc_rt_forward,CtdcRuntime,BaselineAsFound,ReportsDifferent
4.2.0,array_element_swap_leaf_root,array_element,Root,ctdc_engine_exact,CtdcPolicyEngine,DriftedAsFound,ReportsDifferent
4.2.0,array_element_swap_leaf_root,array_element,Root,ctdc_engine_exact,CtdcPolicyEngine,BaselineAsFound,ReportsDifferent
4.2.0,array_element_swap_leaf_root,array_element,Root,ctdc_engine_exact_unordered_ci,CtdcPolicyEngine,DriftedAsFound,ReportsDifferent
4.2.0,array_element_swap_leaf_root,array_element,Root,ctdc_engine_exact_unordered_ci,CtdcPolicyEngine,BaselineAsFound,ReportsDifferent
4.2.0,array_element_swap_leaf_root,array_element,Root,ctdc_engine_exact_ordered,CtdcPolicyEngine,DriftedAsFound,ReportsDifferent
4.2.0,array_element_swap_leaf_root,array_element,Root,ctdc_engine_exact_ordered,CtdcPolicyEngine,BaselineAsFound,ReportsDifferent
4.2.0,array_element_swap_leaf_root,array_element,Root,ctdc_engine_exact_by_position,CtdcPolicyEngine,DriftedAsFound,ReportsDifferent
4.2.0,array_element_swap_leaf_root,array_element,Root,ctdc_engine_exact_by_position,CtdcPolicyEngine,BaselineAsFound,ReportsDifferent
4.2.0,array_element_swap_leaf_root,array_element,Root,ctdc_engine_backward,CtdcPolicyEngine,DriftedAsFound,ReportsDifferent
4.2.0,array_element_swap_leaf_root,array_element,Root,ctdc_engine_backward,CtdcPolicyEngine,BaselineAsFound,ReportsDifferent
4.2.0,array_element_swap_leaf_root,array_element,Root,ctdc_engine_forward,CtdcPolicyEngine,DriftedAsFound,ReportsDifferent
4.2.0,array_element_swap_leaf_root,array_element,Root,ctdc_engine_forward,CtdcPolicyEngine,BaselineAsFound,ReportsDifferent
4.2.0,array_element_swap_leaf_root,array_element,Root,avro_reader_writer_resolution,AvroResolution,DriftedAsFound,ReportsDifferent
4.2.0,array_element_swap_leaf_root,array_element,Root,avro_reader_writer_resolution,AvroResolution,BaselineAsFound,ReportsDifferent
4.2.0,array_element_swap_leaf_nested,array_element,Nested,spark_equals,Spark,DriftedAsFound,ReportsDifferent
4.2.0,array_element_swap_leaf_nested,array_element,Nested,spark_equals,Spark,BaselineAsFound,ReportsDifferent
4.2.0,array_element_swap_leaf_nested,array_element,Nested,spark_same_type,Spark,DriftedAsFound,ReportsDifferent
4.2.0,array_element_swap_leaf_nested,array_element,Nested,spark_same_type,Spark,BaselineAsFound,ReportsDifferent
4.2.0,array_element_swap_leaf_nested,array_element,Nested,spark_equals_ignore_nullability,Spark,DriftedAsFound,ReportsDifferent
4.2.0,array_element_swap_leaf_nested,array_element,Nested,spark_equals_ignore_nullability,Spark,BaselineAsFound,ReportsDifferent
4.2.0,array_element_swap_leaf_nested,array_element,Nested,spark_equals_ignore_case_and_nullability,Spark,DriftedAsFound,ReportsDifferent
4.2.0,array_element_swap_leaf_nested,array_element,Nested,spark_equals_ignore_case_and_nullability,Spark,BaselineAsFound,ReportsDifferent
4.2.0,array_element_swap_leaf_nested,array_element,Nested,spark_equals_ignore_compatible_nullability,Spark,DriftedAsFound,ReportsDifferent
4.2.0,array_element_swap_leaf_nested,array_element,Nested,spark_equals_ignore_compatible_nullability,Spark,BaselineAsFound,ReportsDifferent
4.2.0,array_element_swap_leaf_nested,array_element,Nested,spark_equals_ignore_name_and_compatible_nullability,Spark,DriftedAsFound,ReportsDifferent
4.2.0,array_element_swap_leaf_nested,array_element,Nested,spark_equals_ignore_name_and_compatible_nullability,Spark,BaselineAsFound,ReportsDifferent
4.2.0,array_element_swap_leaf_nested,array_element,Nested,spark_equals_structurally_strict,Spark,DriftedAsFound,ReportsDifferent
4.2.0,array_element_swap_leaf_nested,array_element,Nested,spark_equals_structurally_strict,Spark,BaselineAsFound,ReportsDifferent
4.2.0,array_element_swap_leaf_nested,array_element,Nested,spark_equals_structurally_ignore_nullability,Spark,DriftedAsFound,ReportsDifferent
4.2.0,array_element_swap_leaf_nested,array_element,Nested,spark_equals_structurally_ignore_nullability,Spark,BaselineAsFound,ReportsDifferent
4.2.0,array_element_swap_leaf_nested,array_element,Nested,spark_equals_structurally_by_name_cs,Spark,DriftedAsFound,ReportsEqual
4.2.0,array_element_swap_leaf_nested,array_element,Nested,spark_equals_structurally_by_name_cs,Spark,BaselineAsFound,ReportsEqual
4.2.0,array_element_swap_leaf_nested,array_element,Nested,spark_equals_structurally_by_name_ci,Spark,DriftedAsFound,ReportsEqual
4.2.0,array_element_swap_leaf_nested,array_element,Nested,spark_equals_structurally_by_name_ci,Spark,BaselineAsFound,ReportsEqual
4.2.0,array_element_swap_leaf_nested,array_element,Nested,ctdc_rt_exact,CtdcRuntime,DriftedAsFound,ReportsDifferent
4.2.0,array_element_swap_leaf_nested,array_element,Nested,ctdc_rt_exact,CtdcRuntime,BaselineAsFound,ReportsDifferent
4.2.0,array_element_swap_leaf_nested,array_element,Nested,ctdc_rt_exact_unordered_ci,CtdcRuntime,DriftedAsFound,ReportsDifferent
4.2.0,array_element_swap_leaf_nested,array_element,Nested,ctdc_rt_exact_unordered_ci,CtdcRuntime,BaselineAsFound,ReportsDifferent
4.2.0,array_element_swap_leaf_nested,array_element,Nested,ctdc_rt_exact_ordered,CtdcRuntime,DriftedAsFound,ReportsDifferent
4.2.0,array_element_swap_leaf_nested,array_element,Nested,ctdc_rt_exact_ordered,CtdcRuntime,BaselineAsFound,ReportsDifferent
4.2.0,array_element_swap_leaf_nested,array_element,Nested,ctdc_rt_exact_by_position,CtdcRuntime,DriftedAsFound,ReportsDifferent
4.2.0,array_element_swap_leaf_nested,array_element,Nested,ctdc_rt_exact_by_position,CtdcRuntime,BaselineAsFound,ReportsDifferent
4.2.0,array_element_swap_leaf_nested,array_element,Nested,ctdc_rt_backward,CtdcRuntime,DriftedAsFound,ReportsDifferent
4.2.0,array_element_swap_leaf_nested,array_element,Nested,ctdc_rt_backward,CtdcRuntime,BaselineAsFound,ReportsDifferent
4.2.0,array_element_swap_leaf_nested,array_element,Nested,ctdc_rt_forward,CtdcRuntime,DriftedAsFound,ReportsDifferent
4.2.0,array_element_swap_leaf_nested,array_element,Nested,ctdc_rt_forward,CtdcRuntime,BaselineAsFound,ReportsDifferent
4.2.0,array_element_swap_leaf_nested,array_element,Nested,ctdc_engine_exact,CtdcPolicyEngine,DriftedAsFound,ReportsDifferent
4.2.0,array_element_swap_leaf_nested,array_element,Nested,ctdc_engine_exact,CtdcPolicyEngine,BaselineAsFound,ReportsDifferent
4.2.0,array_element_swap_leaf_nested,array_element,Nested,ctdc_engine_exact_unordered_ci,CtdcPolicyEngine,DriftedAsFound,ReportsDifferent
4.2.0,array_element_swap_leaf_nested,array_element,Nested,ctdc_engine_exact_unordered_ci,CtdcPolicyEngine,BaselineAsFound,ReportsDifferent
4.2.0,array_element_swap_leaf_nested,array_element,Nested,ctdc_engine_exact_ordered,CtdcPolicyEngine,DriftedAsFound,ReportsDifferent
4.2.0,array_element_swap_leaf_nested,array_element,Nested,ctdc_engine_exact_ordered,CtdcPolicyEngine,BaselineAsFound,ReportsDifferent
4.2.0,array_element_swap_leaf_nested,array_element,Nested,ctdc_engine_exact_by_position,CtdcPolicyEngine,DriftedAsFound,ReportsDifferent
4.2.0,array_element_swap_leaf_nested,array_element,Nested,ctdc_engine_exact_by_position,CtdcPolicyEngine,BaselineAsFound,ReportsDifferent
4.2.0,array_element_swap_leaf_nested,array_element,Nested,ctdc_engine_backward,CtdcPolicyEngine,DriftedAsFound,ReportsDifferent
4.2.0,array_element_swap_leaf_nested,array_element,Nested,ctdc_engine_backward,CtdcPolicyEngine,BaselineAsFound,ReportsDifferent
4.2.0,array_element_swap_leaf_nested,array_element,Nested,ctdc_engine_forward,CtdcPolicyEngine,DriftedAsFound,ReportsDifferent
4.2.0,array_element_swap_leaf_nested,array_element,Nested,ctdc_engine_forward,CtdcPolicyEngine,BaselineAsFound,ReportsDifferent
4.2.0,array_element_swap_leaf_nested,array_element,Nested,avro_reader_writer_resolution,AvroResolution,DriftedAsFound,ReportsDifferent
4.2.0,array_element_swap_leaf_nested,array_element,Nested,avro_reader_writer_resolution,AvroResolution,BaselineAsFound,ReportsDifferent
4.2.0,array_element_swap_kind_root,array_element,Root,spark_equals,Spark,DriftedAsFound,ReportsDifferent
4.2.0,array_element_swap_kind_root,array_element,Root,spark_equals,Spark,BaselineAsFound,ReportsDifferent
4.2.0,array_element_swap_kind_root,array_element,Root,spark_same_type,Spark,DriftedAsFound,ReportsDifferent
4.2.0,array_element_swap_kind_root,array_element,Root,spark_same_type,Spark,BaselineAsFound,ReportsDifferent
4.2.0,array_element_swap_kind_root,array_element,Root,spark_equals_ignore_nullability,Spark,DriftedAsFound,ReportsDifferent
4.2.0,array_element_swap_kind_root,array_element,Root,spark_equals_ignore_nullability,Spark,BaselineAsFound,ReportsDifferent
4.2.0,array_element_swap_kind_root,array_element,Root,spark_equals_ignore_case_and_nullability,Spark,DriftedAsFound,ReportsDifferent
4.2.0,array_element_swap_kind_root,array_element,Root,spark_equals_ignore_case_and_nullability,Spark,BaselineAsFound,ReportsDifferent
4.2.0,array_element_swap_kind_root,array_element,Root,spark_equals_ignore_compatible_nullability,Spark,DriftedAsFound,ReportsDifferent
4.2.0,array_element_swap_kind_root,array_element,Root,spark_equals_ignore_compatible_nullability,Spark,BaselineAsFound,ReportsDifferent
4.2.0,array_element_swap_kind_root,array_element,Root,spark_equals_ignore_name_and_compatible_nullability,Spark,DriftedAsFound,ReportsDifferent
4.2.0,array_element_swap_kind_root,array_element,Root,spark_equals_ignore_name_and_compatible_nullability,Spark,BaselineAsFound,ReportsDifferent
4.2.0,array_element_swap_kind_root,array_element,Root,spark_equals_structurally_strict,Spark,DriftedAsFound,ReportsDifferent
4.2.0,array_element_swap_kind_root,array_element,Root,spark_equals_structurally_strict,Spark,BaselineAsFound,ReportsDifferent
4.2.0,array_element_swap_kind_root,array_element,Root,spark_equals_structurally_ignore_nullability,Spark,DriftedAsFound,ReportsDifferent
4.2.0,array_element_swap_kind_root,array_element,Root,spark_equals_structurally_ignore_nullability,Spark,BaselineAsFound,ReportsDifferent
4.2.0,array_element_swap_kind_root,array_element,Root,spark_equals_structurally_by_name_cs,Spark,DriftedAsFound,ReportsEqual
4.2.0,array_element_swap_kind_root,array_element,Root,spark_equals_structurally_by_name_cs,Spark,BaselineAsFound,ReportsEqual
4.2.0,array_element_swap_kind_root,array_element,Root,spark_equals_structurally_by_name_ci,Spark,DriftedAsFound,ReportsEqual
4.2.0,array_element_swap_kind_root,array_element,Root,spark_equals_structurally_by_name_ci,Spark,BaselineAsFound,ReportsEqual
4.2.0,array_element_swap_kind_root,array_element,Root,ctdc_rt_exact,CtdcRuntime,DriftedAsFound,ReportsDifferent
4.2.0,array_element_swap_kind_root,array_element,Root,ctdc_rt_exact,CtdcRuntime,BaselineAsFound,ReportsDifferent
4.2.0,array_element_swap_kind_root,array_element,Root,ctdc_rt_exact_unordered_ci,CtdcRuntime,DriftedAsFound,ReportsDifferent
4.2.0,array_element_swap_kind_root,array_element,Root,ctdc_rt_exact_unordered_ci,CtdcRuntime,BaselineAsFound,ReportsDifferent
4.2.0,array_element_swap_kind_root,array_element,Root,ctdc_rt_exact_ordered,CtdcRuntime,DriftedAsFound,ReportsDifferent
4.2.0,array_element_swap_kind_root,array_element,Root,ctdc_rt_exact_ordered,CtdcRuntime,BaselineAsFound,ReportsDifferent
4.2.0,array_element_swap_kind_root,array_element,Root,ctdc_rt_exact_by_position,CtdcRuntime,DriftedAsFound,ReportsDifferent
4.2.0,array_element_swap_kind_root,array_element,Root,ctdc_rt_exact_by_position,CtdcRuntime,BaselineAsFound,ReportsDifferent
4.2.0,array_element_swap_kind_root,array_element,Root,ctdc_rt_backward,CtdcRuntime,DriftedAsFound,ReportsDifferent
4.2.0,array_element_swap_kind_root,array_element,Root,ctdc_rt_backward,CtdcRuntime,BaselineAsFound,ReportsDifferent
4.2.0,array_element_swap_kind_root,array_element,Root,ctdc_rt_forward,CtdcRuntime,DriftedAsFound,ReportsDifferent
4.2.0,array_element_swap_kind_root,array_element,Root,ctdc_rt_forward,CtdcRuntime,BaselineAsFound,ReportsDifferent
4.2.0,array_element_swap_kind_root,array_element,Root,ctdc_engine_exact,CtdcPolicyEngine,DriftedAsFound,ReportsDifferent
4.2.0,array_element_swap_kind_root,array_element,Root,ctdc_engine_exact,CtdcPolicyEngine,BaselineAsFound,ReportsDifferent
4.2.0,array_element_swap_kind_root,array_element,Root,ctdc_engine_exact_unordered_ci,CtdcPolicyEngine,DriftedAsFound,ReportsDifferent
4.2.0,array_element_swap_kind_root,array_element,Root,ctdc_engine_exact_unordered_ci,CtdcPolicyEngine,BaselineAsFound,ReportsDifferent
4.2.0,array_element_swap_kind_root,array_element,Root,ctdc_engine_exact_ordered,CtdcPolicyEngine,DriftedAsFound,ReportsDifferent
4.2.0,array_element_swap_kind_root,array_element,Root,ctdc_engine_exact_ordered,CtdcPolicyEngine,BaselineAsFound,ReportsDifferent
4.2.0,array_element_swap_kind_root,array_element,Root,ctdc_engine_exact_by_position,CtdcPolicyEngine,DriftedAsFound,ReportsDifferent
4.2.0,array_element_swap_kind_root,array_element,Root,ctdc_engine_exact_by_position,CtdcPolicyEngine,BaselineAsFound,ReportsDifferent
4.2.0,array_element_swap_kind_root,array_element,Root,ctdc_engine_backward,CtdcPolicyEngine,DriftedAsFound,ReportsDifferent
4.2.0,array_element_swap_kind_root,array_element,Root,ctdc_engine_backward,CtdcPolicyEngine,BaselineAsFound,ReportsDifferent
4.2.0,array_element_swap_kind_root,array_element,Root,ctdc_engine_forward,CtdcPolicyEngine,DriftedAsFound,ReportsDifferent
4.2.0,array_element_swap_kind_root,array_element,Root,ctdc_engine_forward,CtdcPolicyEngine,BaselineAsFound,ReportsDifferent
4.2.0,array_element_swap_kind_root,array_element,Root,avro_reader_writer_resolution,AvroResolution,DriftedAsFound,ReportsDifferent
4.2.0,array_element_swap_kind_root,array_element,Root,avro_reader_writer_resolution,AvroResolution,BaselineAsFound,ReportsDifferent
4.2.0,array_element_swap_kind_nested,array_element,Nested,spark_equals,Spark,DriftedAsFound,ReportsDifferent
4.2.0,array_element_swap_kind_nested,array_element,Nested,spark_equals,Spark,BaselineAsFound,ReportsDifferent
4.2.0,array_element_swap_kind_nested,array_element,Nested,spark_same_type,Spark,DriftedAsFound,ReportsDifferent
4.2.0,array_element_swap_kind_nested,array_element,Nested,spark_same_type,Spark,BaselineAsFound,ReportsDifferent
4.2.0,array_element_swap_kind_nested,array_element,Nested,spark_equals_ignore_nullability,Spark,DriftedAsFound,ReportsDifferent
4.2.0,array_element_swap_kind_nested,array_element,Nested,spark_equals_ignore_nullability,Spark,BaselineAsFound,ReportsDifferent
4.2.0,array_element_swap_kind_nested,array_element,Nested,spark_equals_ignore_case_and_nullability,Spark,DriftedAsFound,ReportsDifferent
4.2.0,array_element_swap_kind_nested,array_element,Nested,spark_equals_ignore_case_and_nullability,Spark,BaselineAsFound,ReportsDifferent
4.2.0,array_element_swap_kind_nested,array_element,Nested,spark_equals_ignore_compatible_nullability,Spark,DriftedAsFound,ReportsDifferent
4.2.0,array_element_swap_kind_nested,array_element,Nested,spark_equals_ignore_compatible_nullability,Spark,BaselineAsFound,ReportsDifferent
4.2.0,array_element_swap_kind_nested,array_element,Nested,spark_equals_ignore_name_and_compatible_nullability,Spark,DriftedAsFound,ReportsDifferent
4.2.0,array_element_swap_kind_nested,array_element,Nested,spark_equals_ignore_name_and_compatible_nullability,Spark,BaselineAsFound,ReportsDifferent
4.2.0,array_element_swap_kind_nested,array_element,Nested,spark_equals_structurally_strict,Spark,DriftedAsFound,ReportsDifferent
4.2.0,array_element_swap_kind_nested,array_element,Nested,spark_equals_structurally_strict,Spark,BaselineAsFound,ReportsDifferent
4.2.0,array_element_swap_kind_nested,array_element,Nested,spark_equals_structurally_ignore_nullability,Spark,DriftedAsFound,ReportsDifferent
4.2.0,array_element_swap_kind_nested,array_element,Nested,spark_equals_structurally_ignore_nullability,Spark,BaselineAsFound,ReportsDifferent
4.2.0,array_element_swap_kind_nested,array_element,Nested,spark_equals_structurally_by_name_cs,Spark,DriftedAsFound,ReportsEqual
4.2.0,array_element_swap_kind_nested,array_element,Nested,spark_equals_structurally_by_name_cs,Spark,BaselineAsFound,ReportsEqual
4.2.0,array_element_swap_kind_nested,array_element,Nested,spark_equals_structurally_by_name_ci,Spark,DriftedAsFound,ReportsEqual
4.2.0,array_element_swap_kind_nested,array_element,Nested,spark_equals_structurally_by_name_ci,Spark,BaselineAsFound,ReportsEqual
4.2.0,array_element_swap_kind_nested,array_element,Nested,ctdc_rt_exact,CtdcRuntime,DriftedAsFound,ReportsDifferent
4.2.0,array_element_swap_kind_nested,array_element,Nested,ctdc_rt_exact,CtdcRuntime,BaselineAsFound,ReportsDifferent
4.2.0,array_element_swap_kind_nested,array_element,Nested,ctdc_rt_exact_unordered_ci,CtdcRuntime,DriftedAsFound,ReportsDifferent
4.2.0,array_element_swap_kind_nested,array_element,Nested,ctdc_rt_exact_unordered_ci,CtdcRuntime,BaselineAsFound,ReportsDifferent
4.2.0,array_element_swap_kind_nested,array_element,Nested,ctdc_rt_exact_ordered,CtdcRuntime,DriftedAsFound,ReportsDifferent
4.2.0,array_element_swap_kind_nested,array_element,Nested,ctdc_rt_exact_ordered,CtdcRuntime,BaselineAsFound,ReportsDifferent
4.2.0,array_element_swap_kind_nested,array_element,Nested,ctdc_rt_exact_by_position,CtdcRuntime,DriftedAsFound,ReportsDifferent
4.2.0,array_element_swap_kind_nested,array_element,Nested,ctdc_rt_exact_by_position,CtdcRuntime,BaselineAsFound,ReportsDifferent
4.2.0,array_element_swap_kind_nested,array_element,Nested,ctdc_rt_backward,CtdcRuntime,DriftedAsFound,ReportsDifferent
4.2.0,array_element_swap_kind_nested,array_element,Nested,ctdc_rt_backward,CtdcRuntime,BaselineAsFound,ReportsDifferent
4.2.0,array_element_swap_kind_nested,array_element,Nested,ctdc_rt_forward,CtdcRuntime,DriftedAsFound,ReportsDifferent
4.2.0,array_element_swap_kind_nested,array_element,Nested,ctdc_rt_forward,CtdcRuntime,BaselineAsFound,ReportsDifferent
4.2.0,array_element_swap_kind_nested,array_element,Nested,ctdc_engine_exact,CtdcPolicyEngine,DriftedAsFound,ReportsDifferent
4.2.0,array_element_swap_kind_nested,array_element,Nested,ctdc_engine_exact,CtdcPolicyEngine,BaselineAsFound,ReportsDifferent
4.2.0,array_element_swap_kind_nested,array_element,Nested,ctdc_engine_exact_unordered_ci,CtdcPolicyEngine,DriftedAsFound,ReportsDifferent
4.2.0,array_element_swap_kind_nested,array_element,Nested,ctdc_engine_exact_unordered_ci,CtdcPolicyEngine,BaselineAsFound,ReportsDifferent
4.2.0,array_element_swap_kind_nested,array_element,Nested,ctdc_engine_exact_ordered,CtdcPolicyEngine,DriftedAsFound,ReportsDifferent
4.2.0,array_element_swap_kind_nested,array_element,Nested,ctdc_engine_exact_ordered,CtdcPolicyEngine,BaselineAsFound,ReportsDifferent
4.2.0,array_element_swap_kind_nested,array_element,Nested,ctdc_engine_exact_by_position,CtdcPolicyEngine,DriftedAsFound,ReportsDifferent
4.2.0,array_element_swap_kind_nested,array_element,Nested,ctdc_engine_exact_by_position,CtdcPolicyEngine,BaselineAsFound,ReportsDifferent
4.2.0,array_element_swap_kind_nested,array_element,Nested,ctdc_engine_backward,CtdcPolicyEngine,DriftedAsFound,ReportsDifferent
4.2.0,array_element_swap_kind_nested,array_element,Nested,ctdc_engine_backward,CtdcPolicyEngine,BaselineAsFound,ReportsDifferent
4.2.0,array_element_swap_kind_nested,array_element,Nested,ctdc_engine_forward,CtdcPolicyEngine,DriftedAsFound,ReportsDifferent
4.2.0,array_element_swap_kind_nested,array_element,Nested,ctdc_engine_forward,CtdcPolicyEngine,BaselineAsFound,ReportsDifferent
4.2.0,array_element_swap_kind_nested,array_element,Nested,avro_reader_writer_resolution,AvroResolution,DriftedAsFound,ReportsDifferent
4.2.0,array_element_swap_kind_nested,array_element,Nested,avro_reader_writer_resolution,AvroResolution,BaselineAsFound,ReportsDifferent
4.2.0,map_value_contains_null_flip_root,map_value_contains_null,Root,spark_equals,Spark,DriftedAsFound,ReportsDifferent
4.2.0,map_value_contains_null_flip_root,map_value_contains_null,Root,spark_equals,Spark,BaselineAsFound,ReportsDifferent
4.2.0,map_value_contains_null_flip_root,map_value_contains_null,Root,spark_same_type,Spark,DriftedAsFound,ReportsEqual
4.2.0,map_value_contains_null_flip_root,map_value_contains_null,Root,spark_same_type,Spark,BaselineAsFound,ReportsEqual
4.2.0,map_value_contains_null_flip_root,map_value_contains_null,Root,spark_equals_ignore_nullability,Spark,DriftedAsFound,ReportsEqual
4.2.0,map_value_contains_null_flip_root,map_value_contains_null,Root,spark_equals_ignore_nullability,Spark,BaselineAsFound,ReportsEqual
4.2.0,map_value_contains_null_flip_root,map_value_contains_null,Root,spark_equals_ignore_case_and_nullability,Spark,DriftedAsFound,ReportsEqual
4.2.0,map_value_contains_null_flip_root,map_value_contains_null,Root,spark_equals_ignore_case_and_nullability,Spark,BaselineAsFound,ReportsEqual
4.2.0,map_value_contains_null_flip_root,map_value_contains_null,Root,spark_equals_ignore_compatible_nullability,Spark,DriftedAsFound,ReportsDifferent
4.2.0,map_value_contains_null_flip_root,map_value_contains_null,Root,spark_equals_ignore_compatible_nullability,Spark,BaselineAsFound,ReportsEqual
4.2.0,map_value_contains_null_flip_root,map_value_contains_null,Root,spark_equals_ignore_name_and_compatible_nullability,Spark,DriftedAsFound,ReportsDifferent
4.2.0,map_value_contains_null_flip_root,map_value_contains_null,Root,spark_equals_ignore_name_and_compatible_nullability,Spark,BaselineAsFound,ReportsEqual
4.2.0,map_value_contains_null_flip_root,map_value_contains_null,Root,spark_equals_structurally_strict,Spark,DriftedAsFound,ReportsDifferent
4.2.0,map_value_contains_null_flip_root,map_value_contains_null,Root,spark_equals_structurally_strict,Spark,BaselineAsFound,ReportsDifferent
4.2.0,map_value_contains_null_flip_root,map_value_contains_null,Root,spark_equals_structurally_ignore_nullability,Spark,DriftedAsFound,ReportsEqual
4.2.0,map_value_contains_null_flip_root,map_value_contains_null,Root,spark_equals_structurally_ignore_nullability,Spark,BaselineAsFound,ReportsEqual
4.2.0,map_value_contains_null_flip_root,map_value_contains_null,Root,spark_equals_structurally_by_name_cs,Spark,DriftedAsFound,ReportsEqual
4.2.0,map_value_contains_null_flip_root,map_value_contains_null,Root,spark_equals_structurally_by_name_cs,Spark,BaselineAsFound,ReportsEqual
4.2.0,map_value_contains_null_flip_root,map_value_contains_null,Root,spark_equals_structurally_by_name_ci,Spark,DriftedAsFound,ReportsEqual
4.2.0,map_value_contains_null_flip_root,map_value_contains_null,Root,spark_equals_structurally_by_name_ci,Spark,BaselineAsFound,ReportsEqual
4.2.0,map_value_contains_null_flip_root,map_value_contains_null,Root,ctdc_rt_exact,CtdcRuntime,DriftedAsFound,ReportsEqual
4.2.0,map_value_contains_null_flip_root,map_value_contains_null,Root,ctdc_rt_exact,CtdcRuntime,BaselineAsFound,ReportsEqual
4.2.0,map_value_contains_null_flip_root,map_value_contains_null,Root,ctdc_rt_exact_unordered_ci,CtdcRuntime,DriftedAsFound,ReportsEqual
4.2.0,map_value_contains_null_flip_root,map_value_contains_null,Root,ctdc_rt_exact_unordered_ci,CtdcRuntime,BaselineAsFound,ReportsEqual
4.2.0,map_value_contains_null_flip_root,map_value_contains_null,Root,ctdc_rt_exact_ordered,CtdcRuntime,DriftedAsFound,ReportsEqual
4.2.0,map_value_contains_null_flip_root,map_value_contains_null,Root,ctdc_rt_exact_ordered,CtdcRuntime,BaselineAsFound,ReportsEqual
4.2.0,map_value_contains_null_flip_root,map_value_contains_null,Root,ctdc_rt_exact_by_position,CtdcRuntime,DriftedAsFound,ReportsEqual
4.2.0,map_value_contains_null_flip_root,map_value_contains_null,Root,ctdc_rt_exact_by_position,CtdcRuntime,BaselineAsFound,ReportsEqual
4.2.0,map_value_contains_null_flip_root,map_value_contains_null,Root,ctdc_rt_backward,CtdcRuntime,DriftedAsFound,ReportsEqual
4.2.0,map_value_contains_null_flip_root,map_value_contains_null,Root,ctdc_rt_backward,CtdcRuntime,BaselineAsFound,ReportsEqual
4.2.0,map_value_contains_null_flip_root,map_value_contains_null,Root,ctdc_rt_forward,CtdcRuntime,DriftedAsFound,ReportsEqual
4.2.0,map_value_contains_null_flip_root,map_value_contains_null,Root,ctdc_rt_forward,CtdcRuntime,BaselineAsFound,ReportsEqual
4.2.0,map_value_contains_null_flip_root,map_value_contains_null,Root,ctdc_engine_exact,CtdcPolicyEngine,DriftedAsFound,ReportsDifferent
4.2.0,map_value_contains_null_flip_root,map_value_contains_null,Root,ctdc_engine_exact,CtdcPolicyEngine,BaselineAsFound,ReportsDifferent
4.2.0,map_value_contains_null_flip_root,map_value_contains_null,Root,ctdc_engine_exact_unordered_ci,CtdcPolicyEngine,DriftedAsFound,ReportsDifferent
4.2.0,map_value_contains_null_flip_root,map_value_contains_null,Root,ctdc_engine_exact_unordered_ci,CtdcPolicyEngine,BaselineAsFound,ReportsDifferent
4.2.0,map_value_contains_null_flip_root,map_value_contains_null,Root,ctdc_engine_exact_ordered,CtdcPolicyEngine,DriftedAsFound,ReportsDifferent
4.2.0,map_value_contains_null_flip_root,map_value_contains_null,Root,ctdc_engine_exact_ordered,CtdcPolicyEngine,BaselineAsFound,ReportsDifferent
4.2.0,map_value_contains_null_flip_root,map_value_contains_null,Root,ctdc_engine_exact_by_position,CtdcPolicyEngine,DriftedAsFound,ReportsDifferent
4.2.0,map_value_contains_null_flip_root,map_value_contains_null,Root,ctdc_engine_exact_by_position,CtdcPolicyEngine,BaselineAsFound,ReportsDifferent
4.2.0,map_value_contains_null_flip_root,map_value_contains_null,Root,ctdc_engine_backward,CtdcPolicyEngine,DriftedAsFound,ReportsDifferent
4.2.0,map_value_contains_null_flip_root,map_value_contains_null,Root,ctdc_engine_backward,CtdcPolicyEngine,BaselineAsFound,ReportsEqual
4.2.0,map_value_contains_null_flip_root,map_value_contains_null,Root,ctdc_engine_forward,CtdcPolicyEngine,DriftedAsFound,ReportsDifferent
4.2.0,map_value_contains_null_flip_root,map_value_contains_null,Root,ctdc_engine_forward,CtdcPolicyEngine,BaselineAsFound,ReportsEqual
4.2.0,map_value_contains_null_flip_root,map_value_contains_null,Root,avro_reader_writer_resolution,AvroResolution,DriftedAsFound,ReportsDifferent
4.2.0,map_value_contains_null_flip_root,map_value_contains_null,Root,avro_reader_writer_resolution,AvroResolution,BaselineAsFound,ReportsEqual
4.2.0,map_value_contains_null_flip_nested,map_value_contains_null,Nested,spark_equals,Spark,DriftedAsFound,ReportsDifferent
4.2.0,map_value_contains_null_flip_nested,map_value_contains_null,Nested,spark_equals,Spark,BaselineAsFound,ReportsDifferent
4.2.0,map_value_contains_null_flip_nested,map_value_contains_null,Nested,spark_same_type,Spark,DriftedAsFound,ReportsEqual
4.2.0,map_value_contains_null_flip_nested,map_value_contains_null,Nested,spark_same_type,Spark,BaselineAsFound,ReportsEqual
4.2.0,map_value_contains_null_flip_nested,map_value_contains_null,Nested,spark_equals_ignore_nullability,Spark,DriftedAsFound,ReportsEqual
4.2.0,map_value_contains_null_flip_nested,map_value_contains_null,Nested,spark_equals_ignore_nullability,Spark,BaselineAsFound,ReportsEqual
4.2.0,map_value_contains_null_flip_nested,map_value_contains_null,Nested,spark_equals_ignore_case_and_nullability,Spark,DriftedAsFound,ReportsEqual
4.2.0,map_value_contains_null_flip_nested,map_value_contains_null,Nested,spark_equals_ignore_case_and_nullability,Spark,BaselineAsFound,ReportsEqual
4.2.0,map_value_contains_null_flip_nested,map_value_contains_null,Nested,spark_equals_ignore_compatible_nullability,Spark,DriftedAsFound,ReportsDifferent
4.2.0,map_value_contains_null_flip_nested,map_value_contains_null,Nested,spark_equals_ignore_compatible_nullability,Spark,BaselineAsFound,ReportsEqual
4.2.0,map_value_contains_null_flip_nested,map_value_contains_null,Nested,spark_equals_ignore_name_and_compatible_nullability,Spark,DriftedAsFound,ReportsDifferent
4.2.0,map_value_contains_null_flip_nested,map_value_contains_null,Nested,spark_equals_ignore_name_and_compatible_nullability,Spark,BaselineAsFound,ReportsEqual
4.2.0,map_value_contains_null_flip_nested,map_value_contains_null,Nested,spark_equals_structurally_strict,Spark,DriftedAsFound,ReportsDifferent
4.2.0,map_value_contains_null_flip_nested,map_value_contains_null,Nested,spark_equals_structurally_strict,Spark,BaselineAsFound,ReportsDifferent
4.2.0,map_value_contains_null_flip_nested,map_value_contains_null,Nested,spark_equals_structurally_ignore_nullability,Spark,DriftedAsFound,ReportsEqual
4.2.0,map_value_contains_null_flip_nested,map_value_contains_null,Nested,spark_equals_structurally_ignore_nullability,Spark,BaselineAsFound,ReportsEqual
4.2.0,map_value_contains_null_flip_nested,map_value_contains_null,Nested,spark_equals_structurally_by_name_cs,Spark,DriftedAsFound,ReportsEqual
4.2.0,map_value_contains_null_flip_nested,map_value_contains_null,Nested,spark_equals_structurally_by_name_cs,Spark,BaselineAsFound,ReportsEqual
4.2.0,map_value_contains_null_flip_nested,map_value_contains_null,Nested,spark_equals_structurally_by_name_ci,Spark,DriftedAsFound,ReportsEqual
4.2.0,map_value_contains_null_flip_nested,map_value_contains_null,Nested,spark_equals_structurally_by_name_ci,Spark,BaselineAsFound,ReportsEqual
4.2.0,map_value_contains_null_flip_nested,map_value_contains_null,Nested,ctdc_rt_exact,CtdcRuntime,DriftedAsFound,ReportsEqual
4.2.0,map_value_contains_null_flip_nested,map_value_contains_null,Nested,ctdc_rt_exact,CtdcRuntime,BaselineAsFound,ReportsEqual
4.2.0,map_value_contains_null_flip_nested,map_value_contains_null,Nested,ctdc_rt_exact_unordered_ci,CtdcRuntime,DriftedAsFound,ReportsEqual
4.2.0,map_value_contains_null_flip_nested,map_value_contains_null,Nested,ctdc_rt_exact_unordered_ci,CtdcRuntime,BaselineAsFound,ReportsEqual
4.2.0,map_value_contains_null_flip_nested,map_value_contains_null,Nested,ctdc_rt_exact_ordered,CtdcRuntime,DriftedAsFound,ReportsEqual
4.2.0,map_value_contains_null_flip_nested,map_value_contains_null,Nested,ctdc_rt_exact_ordered,CtdcRuntime,BaselineAsFound,ReportsEqual
4.2.0,map_value_contains_null_flip_nested,map_value_contains_null,Nested,ctdc_rt_exact_by_position,CtdcRuntime,DriftedAsFound,ReportsEqual
4.2.0,map_value_contains_null_flip_nested,map_value_contains_null,Nested,ctdc_rt_exact_by_position,CtdcRuntime,BaselineAsFound,ReportsEqual
4.2.0,map_value_contains_null_flip_nested,map_value_contains_null,Nested,ctdc_rt_backward,CtdcRuntime,DriftedAsFound,ReportsEqual
4.2.0,map_value_contains_null_flip_nested,map_value_contains_null,Nested,ctdc_rt_backward,CtdcRuntime,BaselineAsFound,ReportsEqual
4.2.0,map_value_contains_null_flip_nested,map_value_contains_null,Nested,ctdc_rt_forward,CtdcRuntime,DriftedAsFound,ReportsEqual
4.2.0,map_value_contains_null_flip_nested,map_value_contains_null,Nested,ctdc_rt_forward,CtdcRuntime,BaselineAsFound,ReportsEqual
4.2.0,map_value_contains_null_flip_nested,map_value_contains_null,Nested,ctdc_engine_exact,CtdcPolicyEngine,DriftedAsFound,ReportsDifferent
4.2.0,map_value_contains_null_flip_nested,map_value_contains_null,Nested,ctdc_engine_exact,CtdcPolicyEngine,BaselineAsFound,ReportsDifferent
4.2.0,map_value_contains_null_flip_nested,map_value_contains_null,Nested,ctdc_engine_exact_unordered_ci,CtdcPolicyEngine,DriftedAsFound,ReportsDifferent
4.2.0,map_value_contains_null_flip_nested,map_value_contains_null,Nested,ctdc_engine_exact_unordered_ci,CtdcPolicyEngine,BaselineAsFound,ReportsDifferent
4.2.0,map_value_contains_null_flip_nested,map_value_contains_null,Nested,ctdc_engine_exact_ordered,CtdcPolicyEngine,DriftedAsFound,ReportsDifferent
4.2.0,map_value_contains_null_flip_nested,map_value_contains_null,Nested,ctdc_engine_exact_ordered,CtdcPolicyEngine,BaselineAsFound,ReportsDifferent
4.2.0,map_value_contains_null_flip_nested,map_value_contains_null,Nested,ctdc_engine_exact_by_position,CtdcPolicyEngine,DriftedAsFound,ReportsDifferent
4.2.0,map_value_contains_null_flip_nested,map_value_contains_null,Nested,ctdc_engine_exact_by_position,CtdcPolicyEngine,BaselineAsFound,ReportsDifferent
4.2.0,map_value_contains_null_flip_nested,map_value_contains_null,Nested,ctdc_engine_backward,CtdcPolicyEngine,DriftedAsFound,ReportsDifferent
4.2.0,map_value_contains_null_flip_nested,map_value_contains_null,Nested,ctdc_engine_backward,CtdcPolicyEngine,BaselineAsFound,ReportsEqual
4.2.0,map_value_contains_null_flip_nested,map_value_contains_null,Nested,ctdc_engine_forward,CtdcPolicyEngine,DriftedAsFound,ReportsDifferent
4.2.0,map_value_contains_null_flip_nested,map_value_contains_null,Nested,ctdc_engine_forward,CtdcPolicyEngine,BaselineAsFound,ReportsEqual
4.2.0,map_value_contains_null_flip_nested,map_value_contains_null,Nested,avro_reader_writer_resolution,AvroResolution,DriftedAsFound,ReportsDifferent
4.2.0,map_value_contains_null_flip_nested,map_value_contains_null,Nested,avro_reader_writer_resolution,AvroResolution,BaselineAsFound,ReportsEqual
4.2.0,map_key_widen_leaf_root,map_key,Root,spark_equals,Spark,DriftedAsFound,ReportsDifferent
4.2.0,map_key_widen_leaf_root,map_key,Root,spark_equals,Spark,BaselineAsFound,ReportsDifferent
4.2.0,map_key_widen_leaf_root,map_key,Root,spark_same_type,Spark,DriftedAsFound,ReportsDifferent
4.2.0,map_key_widen_leaf_root,map_key,Root,spark_same_type,Spark,BaselineAsFound,ReportsDifferent
4.2.0,map_key_widen_leaf_root,map_key,Root,spark_equals_ignore_nullability,Spark,DriftedAsFound,ReportsDifferent
4.2.0,map_key_widen_leaf_root,map_key,Root,spark_equals_ignore_nullability,Spark,BaselineAsFound,ReportsDifferent
4.2.0,map_key_widen_leaf_root,map_key,Root,spark_equals_ignore_case_and_nullability,Spark,DriftedAsFound,ReportsDifferent
4.2.0,map_key_widen_leaf_root,map_key,Root,spark_equals_ignore_case_and_nullability,Spark,BaselineAsFound,ReportsDifferent
4.2.0,map_key_widen_leaf_root,map_key,Root,spark_equals_ignore_compatible_nullability,Spark,DriftedAsFound,ReportsDifferent
4.2.0,map_key_widen_leaf_root,map_key,Root,spark_equals_ignore_compatible_nullability,Spark,BaselineAsFound,ReportsDifferent
4.2.0,map_key_widen_leaf_root,map_key,Root,spark_equals_ignore_name_and_compatible_nullability,Spark,DriftedAsFound,ReportsDifferent
4.2.0,map_key_widen_leaf_root,map_key,Root,spark_equals_ignore_name_and_compatible_nullability,Spark,BaselineAsFound,ReportsDifferent
4.2.0,map_key_widen_leaf_root,map_key,Root,spark_equals_structurally_strict,Spark,DriftedAsFound,ReportsDifferent
4.2.0,map_key_widen_leaf_root,map_key,Root,spark_equals_structurally_strict,Spark,BaselineAsFound,ReportsDifferent
4.2.0,map_key_widen_leaf_root,map_key,Root,spark_equals_structurally_ignore_nullability,Spark,DriftedAsFound,ReportsDifferent
4.2.0,map_key_widen_leaf_root,map_key,Root,spark_equals_structurally_ignore_nullability,Spark,BaselineAsFound,ReportsDifferent
4.2.0,map_key_widen_leaf_root,map_key,Root,spark_equals_structurally_by_name_cs,Spark,DriftedAsFound,ReportsEqual
4.2.0,map_key_widen_leaf_root,map_key,Root,spark_equals_structurally_by_name_cs,Spark,BaselineAsFound,ReportsEqual
4.2.0,map_key_widen_leaf_root,map_key,Root,spark_equals_structurally_by_name_ci,Spark,DriftedAsFound,ReportsEqual
4.2.0,map_key_widen_leaf_root,map_key,Root,spark_equals_structurally_by_name_ci,Spark,BaselineAsFound,ReportsEqual
4.2.0,map_key_widen_leaf_root,map_key,Root,ctdc_rt_exact,CtdcRuntime,DriftedAsFound,ReportsDifferent
4.2.0,map_key_widen_leaf_root,map_key,Root,ctdc_rt_exact,CtdcRuntime,BaselineAsFound,ReportsDifferent
4.2.0,map_key_widen_leaf_root,map_key,Root,ctdc_rt_exact_unordered_ci,CtdcRuntime,DriftedAsFound,ReportsDifferent
4.2.0,map_key_widen_leaf_root,map_key,Root,ctdc_rt_exact_unordered_ci,CtdcRuntime,BaselineAsFound,ReportsDifferent
4.2.0,map_key_widen_leaf_root,map_key,Root,ctdc_rt_exact_ordered,CtdcRuntime,DriftedAsFound,ReportsDifferent
4.2.0,map_key_widen_leaf_root,map_key,Root,ctdc_rt_exact_ordered,CtdcRuntime,BaselineAsFound,ReportsDifferent
4.2.0,map_key_widen_leaf_root,map_key,Root,ctdc_rt_exact_by_position,CtdcRuntime,DriftedAsFound,ReportsDifferent
4.2.0,map_key_widen_leaf_root,map_key,Root,ctdc_rt_exact_by_position,CtdcRuntime,BaselineAsFound,ReportsDifferent
4.2.0,map_key_widen_leaf_root,map_key,Root,ctdc_rt_backward,CtdcRuntime,DriftedAsFound,ReportsDifferent
4.2.0,map_key_widen_leaf_root,map_key,Root,ctdc_rt_backward,CtdcRuntime,BaselineAsFound,ReportsDifferent
4.2.0,map_key_widen_leaf_root,map_key,Root,ctdc_rt_forward,CtdcRuntime,DriftedAsFound,ReportsDifferent
4.2.0,map_key_widen_leaf_root,map_key,Root,ctdc_rt_forward,CtdcRuntime,BaselineAsFound,ReportsDifferent
4.2.0,map_key_widen_leaf_root,map_key,Root,ctdc_engine_exact,CtdcPolicyEngine,DriftedAsFound,ReportsDifferent
4.2.0,map_key_widen_leaf_root,map_key,Root,ctdc_engine_exact,CtdcPolicyEngine,BaselineAsFound,ReportsDifferent
4.2.0,map_key_widen_leaf_root,map_key,Root,ctdc_engine_exact_unordered_ci,CtdcPolicyEngine,DriftedAsFound,ReportsDifferent
4.2.0,map_key_widen_leaf_root,map_key,Root,ctdc_engine_exact_unordered_ci,CtdcPolicyEngine,BaselineAsFound,ReportsDifferent
4.2.0,map_key_widen_leaf_root,map_key,Root,ctdc_engine_exact_ordered,CtdcPolicyEngine,DriftedAsFound,ReportsDifferent
4.2.0,map_key_widen_leaf_root,map_key,Root,ctdc_engine_exact_ordered,CtdcPolicyEngine,BaselineAsFound,ReportsDifferent
4.2.0,map_key_widen_leaf_root,map_key,Root,ctdc_engine_exact_by_position,CtdcPolicyEngine,DriftedAsFound,ReportsDifferent
4.2.0,map_key_widen_leaf_root,map_key,Root,ctdc_engine_exact_by_position,CtdcPolicyEngine,BaselineAsFound,ReportsDifferent
4.2.0,map_key_widen_leaf_root,map_key,Root,ctdc_engine_backward,CtdcPolicyEngine,DriftedAsFound,ReportsDifferent
4.2.0,map_key_widen_leaf_root,map_key,Root,ctdc_engine_backward,CtdcPolicyEngine,BaselineAsFound,ReportsDifferent
4.2.0,map_key_widen_leaf_root,map_key,Root,ctdc_engine_forward,CtdcPolicyEngine,DriftedAsFound,ReportsDifferent
4.2.0,map_key_widen_leaf_root,map_key,Root,ctdc_engine_forward,CtdcPolicyEngine,BaselineAsFound,ReportsDifferent
4.2.0,map_key_widen_leaf_root,map_key,Root,avro_reader_writer_resolution,AvroResolution,DriftedAsFound,Errored
4.2.0,map_key_widen_leaf_root,map_key,Root,avro_reader_writer_resolution,AvroResolution,BaselineAsFound,Errored
4.2.0,map_key_widen_leaf_nested,map_key,Nested,spark_equals,Spark,DriftedAsFound,ReportsDifferent
4.2.0,map_key_widen_leaf_nested,map_key,Nested,spark_equals,Spark,BaselineAsFound,ReportsDifferent
4.2.0,map_key_widen_leaf_nested,map_key,Nested,spark_same_type,Spark,DriftedAsFound,ReportsDifferent
4.2.0,map_key_widen_leaf_nested,map_key,Nested,spark_same_type,Spark,BaselineAsFound,ReportsDifferent
4.2.0,map_key_widen_leaf_nested,map_key,Nested,spark_equals_ignore_nullability,Spark,DriftedAsFound,ReportsDifferent
4.2.0,map_key_widen_leaf_nested,map_key,Nested,spark_equals_ignore_nullability,Spark,BaselineAsFound,ReportsDifferent
4.2.0,map_key_widen_leaf_nested,map_key,Nested,spark_equals_ignore_case_and_nullability,Spark,DriftedAsFound,ReportsDifferent
4.2.0,map_key_widen_leaf_nested,map_key,Nested,spark_equals_ignore_case_and_nullability,Spark,BaselineAsFound,ReportsDifferent
4.2.0,map_key_widen_leaf_nested,map_key,Nested,spark_equals_ignore_compatible_nullability,Spark,DriftedAsFound,ReportsDifferent
4.2.0,map_key_widen_leaf_nested,map_key,Nested,spark_equals_ignore_compatible_nullability,Spark,BaselineAsFound,ReportsDifferent
4.2.0,map_key_widen_leaf_nested,map_key,Nested,spark_equals_ignore_name_and_compatible_nullability,Spark,DriftedAsFound,ReportsDifferent
4.2.0,map_key_widen_leaf_nested,map_key,Nested,spark_equals_ignore_name_and_compatible_nullability,Spark,BaselineAsFound,ReportsDifferent
4.2.0,map_key_widen_leaf_nested,map_key,Nested,spark_equals_structurally_strict,Spark,DriftedAsFound,ReportsDifferent
4.2.0,map_key_widen_leaf_nested,map_key,Nested,spark_equals_structurally_strict,Spark,BaselineAsFound,ReportsDifferent
4.2.0,map_key_widen_leaf_nested,map_key,Nested,spark_equals_structurally_ignore_nullability,Spark,DriftedAsFound,ReportsDifferent
4.2.0,map_key_widen_leaf_nested,map_key,Nested,spark_equals_structurally_ignore_nullability,Spark,BaselineAsFound,ReportsDifferent
4.2.0,map_key_widen_leaf_nested,map_key,Nested,spark_equals_structurally_by_name_cs,Spark,DriftedAsFound,ReportsEqual
4.2.0,map_key_widen_leaf_nested,map_key,Nested,spark_equals_structurally_by_name_cs,Spark,BaselineAsFound,ReportsEqual
4.2.0,map_key_widen_leaf_nested,map_key,Nested,spark_equals_structurally_by_name_ci,Spark,DriftedAsFound,ReportsEqual
4.2.0,map_key_widen_leaf_nested,map_key,Nested,spark_equals_structurally_by_name_ci,Spark,BaselineAsFound,ReportsEqual
4.2.0,map_key_widen_leaf_nested,map_key,Nested,ctdc_rt_exact,CtdcRuntime,DriftedAsFound,ReportsDifferent
4.2.0,map_key_widen_leaf_nested,map_key,Nested,ctdc_rt_exact,CtdcRuntime,BaselineAsFound,ReportsDifferent
4.2.0,map_key_widen_leaf_nested,map_key,Nested,ctdc_rt_exact_unordered_ci,CtdcRuntime,DriftedAsFound,ReportsDifferent
4.2.0,map_key_widen_leaf_nested,map_key,Nested,ctdc_rt_exact_unordered_ci,CtdcRuntime,BaselineAsFound,ReportsDifferent
4.2.0,map_key_widen_leaf_nested,map_key,Nested,ctdc_rt_exact_ordered,CtdcRuntime,DriftedAsFound,ReportsDifferent
4.2.0,map_key_widen_leaf_nested,map_key,Nested,ctdc_rt_exact_ordered,CtdcRuntime,BaselineAsFound,ReportsDifferent
4.2.0,map_key_widen_leaf_nested,map_key,Nested,ctdc_rt_exact_by_position,CtdcRuntime,DriftedAsFound,ReportsDifferent
4.2.0,map_key_widen_leaf_nested,map_key,Nested,ctdc_rt_exact_by_position,CtdcRuntime,BaselineAsFound,ReportsDifferent
4.2.0,map_key_widen_leaf_nested,map_key,Nested,ctdc_rt_backward,CtdcRuntime,DriftedAsFound,ReportsDifferent
4.2.0,map_key_widen_leaf_nested,map_key,Nested,ctdc_rt_backward,CtdcRuntime,BaselineAsFound,ReportsDifferent
4.2.0,map_key_widen_leaf_nested,map_key,Nested,ctdc_rt_forward,CtdcRuntime,DriftedAsFound,ReportsDifferent
4.2.0,map_key_widen_leaf_nested,map_key,Nested,ctdc_rt_forward,CtdcRuntime,BaselineAsFound,ReportsDifferent
4.2.0,map_key_widen_leaf_nested,map_key,Nested,ctdc_engine_exact,CtdcPolicyEngine,DriftedAsFound,ReportsDifferent
4.2.0,map_key_widen_leaf_nested,map_key,Nested,ctdc_engine_exact,CtdcPolicyEngine,BaselineAsFound,ReportsDifferent
4.2.0,map_key_widen_leaf_nested,map_key,Nested,ctdc_engine_exact_unordered_ci,CtdcPolicyEngine,DriftedAsFound,ReportsDifferent
4.2.0,map_key_widen_leaf_nested,map_key,Nested,ctdc_engine_exact_unordered_ci,CtdcPolicyEngine,BaselineAsFound,ReportsDifferent
4.2.0,map_key_widen_leaf_nested,map_key,Nested,ctdc_engine_exact_ordered,CtdcPolicyEngine,DriftedAsFound,ReportsDifferent
4.2.0,map_key_widen_leaf_nested,map_key,Nested,ctdc_engine_exact_ordered,CtdcPolicyEngine,BaselineAsFound,ReportsDifferent
4.2.0,map_key_widen_leaf_nested,map_key,Nested,ctdc_engine_exact_by_position,CtdcPolicyEngine,DriftedAsFound,ReportsDifferent
4.2.0,map_key_widen_leaf_nested,map_key,Nested,ctdc_engine_exact_by_position,CtdcPolicyEngine,BaselineAsFound,ReportsDifferent
4.2.0,map_key_widen_leaf_nested,map_key,Nested,ctdc_engine_backward,CtdcPolicyEngine,DriftedAsFound,ReportsDifferent
4.2.0,map_key_widen_leaf_nested,map_key,Nested,ctdc_engine_backward,CtdcPolicyEngine,BaselineAsFound,ReportsDifferent
4.2.0,map_key_widen_leaf_nested,map_key,Nested,ctdc_engine_forward,CtdcPolicyEngine,DriftedAsFound,ReportsDifferent
4.2.0,map_key_widen_leaf_nested,map_key,Nested,ctdc_engine_forward,CtdcPolicyEngine,BaselineAsFound,ReportsDifferent
4.2.0,map_key_widen_leaf_nested,map_key,Nested,avro_reader_writer_resolution,AvroResolution,DriftedAsFound,Errored
4.2.0,map_key_widen_leaf_nested,map_key,Nested,avro_reader_writer_resolution,AvroResolution,BaselineAsFound,Errored
4.2.0,map_key_swap_leaf_root,map_key,Root,spark_equals,Spark,DriftedAsFound,ReportsDifferent
4.2.0,map_key_swap_leaf_root,map_key,Root,spark_equals,Spark,BaselineAsFound,ReportsDifferent
4.2.0,map_key_swap_leaf_root,map_key,Root,spark_same_type,Spark,DriftedAsFound,ReportsDifferent
4.2.0,map_key_swap_leaf_root,map_key,Root,spark_same_type,Spark,BaselineAsFound,ReportsDifferent
4.2.0,map_key_swap_leaf_root,map_key,Root,spark_equals_ignore_nullability,Spark,DriftedAsFound,ReportsDifferent
4.2.0,map_key_swap_leaf_root,map_key,Root,spark_equals_ignore_nullability,Spark,BaselineAsFound,ReportsDifferent
4.2.0,map_key_swap_leaf_root,map_key,Root,spark_equals_ignore_case_and_nullability,Spark,DriftedAsFound,ReportsDifferent
4.2.0,map_key_swap_leaf_root,map_key,Root,spark_equals_ignore_case_and_nullability,Spark,BaselineAsFound,ReportsDifferent
4.2.0,map_key_swap_leaf_root,map_key,Root,spark_equals_ignore_compatible_nullability,Spark,DriftedAsFound,ReportsDifferent
4.2.0,map_key_swap_leaf_root,map_key,Root,spark_equals_ignore_compatible_nullability,Spark,BaselineAsFound,ReportsDifferent
4.2.0,map_key_swap_leaf_root,map_key,Root,spark_equals_ignore_name_and_compatible_nullability,Spark,DriftedAsFound,ReportsDifferent
4.2.0,map_key_swap_leaf_root,map_key,Root,spark_equals_ignore_name_and_compatible_nullability,Spark,BaselineAsFound,ReportsDifferent
4.2.0,map_key_swap_leaf_root,map_key,Root,spark_equals_structurally_strict,Spark,DriftedAsFound,ReportsDifferent
4.2.0,map_key_swap_leaf_root,map_key,Root,spark_equals_structurally_strict,Spark,BaselineAsFound,ReportsDifferent
4.2.0,map_key_swap_leaf_root,map_key,Root,spark_equals_structurally_ignore_nullability,Spark,DriftedAsFound,ReportsDifferent
4.2.0,map_key_swap_leaf_root,map_key,Root,spark_equals_structurally_ignore_nullability,Spark,BaselineAsFound,ReportsDifferent
4.2.0,map_key_swap_leaf_root,map_key,Root,spark_equals_structurally_by_name_cs,Spark,DriftedAsFound,ReportsEqual
4.2.0,map_key_swap_leaf_root,map_key,Root,spark_equals_structurally_by_name_cs,Spark,BaselineAsFound,ReportsEqual
4.2.0,map_key_swap_leaf_root,map_key,Root,spark_equals_structurally_by_name_ci,Spark,DriftedAsFound,ReportsEqual
4.2.0,map_key_swap_leaf_root,map_key,Root,spark_equals_structurally_by_name_ci,Spark,BaselineAsFound,ReportsEqual
4.2.0,map_key_swap_leaf_root,map_key,Root,ctdc_rt_exact,CtdcRuntime,DriftedAsFound,ReportsDifferent
4.2.0,map_key_swap_leaf_root,map_key,Root,ctdc_rt_exact,CtdcRuntime,BaselineAsFound,ReportsDifferent
4.2.0,map_key_swap_leaf_root,map_key,Root,ctdc_rt_exact_unordered_ci,CtdcRuntime,DriftedAsFound,ReportsDifferent
4.2.0,map_key_swap_leaf_root,map_key,Root,ctdc_rt_exact_unordered_ci,CtdcRuntime,BaselineAsFound,ReportsDifferent
4.2.0,map_key_swap_leaf_root,map_key,Root,ctdc_rt_exact_ordered,CtdcRuntime,DriftedAsFound,ReportsDifferent
4.2.0,map_key_swap_leaf_root,map_key,Root,ctdc_rt_exact_ordered,CtdcRuntime,BaselineAsFound,ReportsDifferent
4.2.0,map_key_swap_leaf_root,map_key,Root,ctdc_rt_exact_by_position,CtdcRuntime,DriftedAsFound,ReportsDifferent
4.2.0,map_key_swap_leaf_root,map_key,Root,ctdc_rt_exact_by_position,CtdcRuntime,BaselineAsFound,ReportsDifferent
4.2.0,map_key_swap_leaf_root,map_key,Root,ctdc_rt_backward,CtdcRuntime,DriftedAsFound,ReportsDifferent
4.2.0,map_key_swap_leaf_root,map_key,Root,ctdc_rt_backward,CtdcRuntime,BaselineAsFound,ReportsDifferent
4.2.0,map_key_swap_leaf_root,map_key,Root,ctdc_rt_forward,CtdcRuntime,DriftedAsFound,ReportsDifferent
4.2.0,map_key_swap_leaf_root,map_key,Root,ctdc_rt_forward,CtdcRuntime,BaselineAsFound,ReportsDifferent
4.2.0,map_key_swap_leaf_root,map_key,Root,ctdc_engine_exact,CtdcPolicyEngine,DriftedAsFound,ReportsDifferent
4.2.0,map_key_swap_leaf_root,map_key,Root,ctdc_engine_exact,CtdcPolicyEngine,BaselineAsFound,ReportsDifferent
4.2.0,map_key_swap_leaf_root,map_key,Root,ctdc_engine_exact_unordered_ci,CtdcPolicyEngine,DriftedAsFound,ReportsDifferent
4.2.0,map_key_swap_leaf_root,map_key,Root,ctdc_engine_exact_unordered_ci,CtdcPolicyEngine,BaselineAsFound,ReportsDifferent
4.2.0,map_key_swap_leaf_root,map_key,Root,ctdc_engine_exact_ordered,CtdcPolicyEngine,DriftedAsFound,ReportsDifferent
4.2.0,map_key_swap_leaf_root,map_key,Root,ctdc_engine_exact_ordered,CtdcPolicyEngine,BaselineAsFound,ReportsDifferent
4.2.0,map_key_swap_leaf_root,map_key,Root,ctdc_engine_exact_by_position,CtdcPolicyEngine,DriftedAsFound,ReportsDifferent
4.2.0,map_key_swap_leaf_root,map_key,Root,ctdc_engine_exact_by_position,CtdcPolicyEngine,BaselineAsFound,ReportsDifferent
4.2.0,map_key_swap_leaf_root,map_key,Root,ctdc_engine_backward,CtdcPolicyEngine,DriftedAsFound,ReportsDifferent
4.2.0,map_key_swap_leaf_root,map_key,Root,ctdc_engine_backward,CtdcPolicyEngine,BaselineAsFound,ReportsDifferent
4.2.0,map_key_swap_leaf_root,map_key,Root,ctdc_engine_forward,CtdcPolicyEngine,DriftedAsFound,ReportsDifferent
4.2.0,map_key_swap_leaf_root,map_key,Root,ctdc_engine_forward,CtdcPolicyEngine,BaselineAsFound,ReportsDifferent
4.2.0,map_key_swap_leaf_root,map_key,Root,avro_reader_writer_resolution,AvroResolution,DriftedAsFound,Errored
4.2.0,map_key_swap_leaf_root,map_key,Root,avro_reader_writer_resolution,AvroResolution,BaselineAsFound,Errored
4.2.0,map_key_swap_leaf_nested,map_key,Nested,spark_equals,Spark,DriftedAsFound,ReportsDifferent
4.2.0,map_key_swap_leaf_nested,map_key,Nested,spark_equals,Spark,BaselineAsFound,ReportsDifferent
4.2.0,map_key_swap_leaf_nested,map_key,Nested,spark_same_type,Spark,DriftedAsFound,ReportsDifferent
4.2.0,map_key_swap_leaf_nested,map_key,Nested,spark_same_type,Spark,BaselineAsFound,ReportsDifferent
4.2.0,map_key_swap_leaf_nested,map_key,Nested,spark_equals_ignore_nullability,Spark,DriftedAsFound,ReportsDifferent
4.2.0,map_key_swap_leaf_nested,map_key,Nested,spark_equals_ignore_nullability,Spark,BaselineAsFound,ReportsDifferent
4.2.0,map_key_swap_leaf_nested,map_key,Nested,spark_equals_ignore_case_and_nullability,Spark,DriftedAsFound,ReportsDifferent
4.2.0,map_key_swap_leaf_nested,map_key,Nested,spark_equals_ignore_case_and_nullability,Spark,BaselineAsFound,ReportsDifferent
4.2.0,map_key_swap_leaf_nested,map_key,Nested,spark_equals_ignore_compatible_nullability,Spark,DriftedAsFound,ReportsDifferent
4.2.0,map_key_swap_leaf_nested,map_key,Nested,spark_equals_ignore_compatible_nullability,Spark,BaselineAsFound,ReportsDifferent
4.2.0,map_key_swap_leaf_nested,map_key,Nested,spark_equals_ignore_name_and_compatible_nullability,Spark,DriftedAsFound,ReportsDifferent
4.2.0,map_key_swap_leaf_nested,map_key,Nested,spark_equals_ignore_name_and_compatible_nullability,Spark,BaselineAsFound,ReportsDifferent
4.2.0,map_key_swap_leaf_nested,map_key,Nested,spark_equals_structurally_strict,Spark,DriftedAsFound,ReportsDifferent
4.2.0,map_key_swap_leaf_nested,map_key,Nested,spark_equals_structurally_strict,Spark,BaselineAsFound,ReportsDifferent
4.2.0,map_key_swap_leaf_nested,map_key,Nested,spark_equals_structurally_ignore_nullability,Spark,DriftedAsFound,ReportsDifferent
4.2.0,map_key_swap_leaf_nested,map_key,Nested,spark_equals_structurally_ignore_nullability,Spark,BaselineAsFound,ReportsDifferent
4.2.0,map_key_swap_leaf_nested,map_key,Nested,spark_equals_structurally_by_name_cs,Spark,DriftedAsFound,ReportsEqual
4.2.0,map_key_swap_leaf_nested,map_key,Nested,spark_equals_structurally_by_name_cs,Spark,BaselineAsFound,ReportsEqual
4.2.0,map_key_swap_leaf_nested,map_key,Nested,spark_equals_structurally_by_name_ci,Spark,DriftedAsFound,ReportsEqual
4.2.0,map_key_swap_leaf_nested,map_key,Nested,spark_equals_structurally_by_name_ci,Spark,BaselineAsFound,ReportsEqual
4.2.0,map_key_swap_leaf_nested,map_key,Nested,ctdc_rt_exact,CtdcRuntime,DriftedAsFound,ReportsDifferent
4.2.0,map_key_swap_leaf_nested,map_key,Nested,ctdc_rt_exact,CtdcRuntime,BaselineAsFound,ReportsDifferent
4.2.0,map_key_swap_leaf_nested,map_key,Nested,ctdc_rt_exact_unordered_ci,CtdcRuntime,DriftedAsFound,ReportsDifferent
4.2.0,map_key_swap_leaf_nested,map_key,Nested,ctdc_rt_exact_unordered_ci,CtdcRuntime,BaselineAsFound,ReportsDifferent
4.2.0,map_key_swap_leaf_nested,map_key,Nested,ctdc_rt_exact_ordered,CtdcRuntime,DriftedAsFound,ReportsDifferent
4.2.0,map_key_swap_leaf_nested,map_key,Nested,ctdc_rt_exact_ordered,CtdcRuntime,BaselineAsFound,ReportsDifferent
4.2.0,map_key_swap_leaf_nested,map_key,Nested,ctdc_rt_exact_by_position,CtdcRuntime,DriftedAsFound,ReportsDifferent
4.2.0,map_key_swap_leaf_nested,map_key,Nested,ctdc_rt_exact_by_position,CtdcRuntime,BaselineAsFound,ReportsDifferent
4.2.0,map_key_swap_leaf_nested,map_key,Nested,ctdc_rt_backward,CtdcRuntime,DriftedAsFound,ReportsDifferent
4.2.0,map_key_swap_leaf_nested,map_key,Nested,ctdc_rt_backward,CtdcRuntime,BaselineAsFound,ReportsDifferent
4.2.0,map_key_swap_leaf_nested,map_key,Nested,ctdc_rt_forward,CtdcRuntime,DriftedAsFound,ReportsDifferent
4.2.0,map_key_swap_leaf_nested,map_key,Nested,ctdc_rt_forward,CtdcRuntime,BaselineAsFound,ReportsDifferent
4.2.0,map_key_swap_leaf_nested,map_key,Nested,ctdc_engine_exact,CtdcPolicyEngine,DriftedAsFound,ReportsDifferent
4.2.0,map_key_swap_leaf_nested,map_key,Nested,ctdc_engine_exact,CtdcPolicyEngine,BaselineAsFound,ReportsDifferent
4.2.0,map_key_swap_leaf_nested,map_key,Nested,ctdc_engine_exact_unordered_ci,CtdcPolicyEngine,DriftedAsFound,ReportsDifferent
4.2.0,map_key_swap_leaf_nested,map_key,Nested,ctdc_engine_exact_unordered_ci,CtdcPolicyEngine,BaselineAsFound,ReportsDifferent
4.2.0,map_key_swap_leaf_nested,map_key,Nested,ctdc_engine_exact_ordered,CtdcPolicyEngine,DriftedAsFound,ReportsDifferent
4.2.0,map_key_swap_leaf_nested,map_key,Nested,ctdc_engine_exact_ordered,CtdcPolicyEngine,BaselineAsFound,ReportsDifferent
4.2.0,map_key_swap_leaf_nested,map_key,Nested,ctdc_engine_exact_by_position,CtdcPolicyEngine,DriftedAsFound,ReportsDifferent
4.2.0,map_key_swap_leaf_nested,map_key,Nested,ctdc_engine_exact_by_position,CtdcPolicyEngine,BaselineAsFound,ReportsDifferent
4.2.0,map_key_swap_leaf_nested,map_key,Nested,ctdc_engine_backward,CtdcPolicyEngine,DriftedAsFound,ReportsDifferent
4.2.0,map_key_swap_leaf_nested,map_key,Nested,ctdc_engine_backward,CtdcPolicyEngine,BaselineAsFound,ReportsDifferent
4.2.0,map_key_swap_leaf_nested,map_key,Nested,ctdc_engine_forward,CtdcPolicyEngine,DriftedAsFound,ReportsDifferent
4.2.0,map_key_swap_leaf_nested,map_key,Nested,ctdc_engine_forward,CtdcPolicyEngine,BaselineAsFound,ReportsDifferent
4.2.0,map_key_swap_leaf_nested,map_key,Nested,avro_reader_writer_resolution,AvroResolution,DriftedAsFound,Errored
4.2.0,map_key_swap_leaf_nested,map_key,Nested,avro_reader_writer_resolution,AvroResolution,BaselineAsFound,Errored
4.2.0,map_key_swap_kind_root,map_key,Root,spark_equals,Spark,DriftedAsFound,ReportsDifferent
4.2.0,map_key_swap_kind_root,map_key,Root,spark_equals,Spark,BaselineAsFound,ReportsDifferent
4.2.0,map_key_swap_kind_root,map_key,Root,spark_same_type,Spark,DriftedAsFound,ReportsDifferent
4.2.0,map_key_swap_kind_root,map_key,Root,spark_same_type,Spark,BaselineAsFound,ReportsDifferent
4.2.0,map_key_swap_kind_root,map_key,Root,spark_equals_ignore_nullability,Spark,DriftedAsFound,ReportsDifferent
4.2.0,map_key_swap_kind_root,map_key,Root,spark_equals_ignore_nullability,Spark,BaselineAsFound,ReportsDifferent
4.2.0,map_key_swap_kind_root,map_key,Root,spark_equals_ignore_case_and_nullability,Spark,DriftedAsFound,ReportsDifferent
4.2.0,map_key_swap_kind_root,map_key,Root,spark_equals_ignore_case_and_nullability,Spark,BaselineAsFound,ReportsDifferent
4.2.0,map_key_swap_kind_root,map_key,Root,spark_equals_ignore_compatible_nullability,Spark,DriftedAsFound,ReportsDifferent
4.2.0,map_key_swap_kind_root,map_key,Root,spark_equals_ignore_compatible_nullability,Spark,BaselineAsFound,ReportsDifferent
4.2.0,map_key_swap_kind_root,map_key,Root,spark_equals_ignore_name_and_compatible_nullability,Spark,DriftedAsFound,ReportsDifferent
4.2.0,map_key_swap_kind_root,map_key,Root,spark_equals_ignore_name_and_compatible_nullability,Spark,BaselineAsFound,ReportsDifferent
4.2.0,map_key_swap_kind_root,map_key,Root,spark_equals_structurally_strict,Spark,DriftedAsFound,ReportsDifferent
4.2.0,map_key_swap_kind_root,map_key,Root,spark_equals_structurally_strict,Spark,BaselineAsFound,ReportsDifferent
4.2.0,map_key_swap_kind_root,map_key,Root,spark_equals_structurally_ignore_nullability,Spark,DriftedAsFound,ReportsDifferent
4.2.0,map_key_swap_kind_root,map_key,Root,spark_equals_structurally_ignore_nullability,Spark,BaselineAsFound,ReportsDifferent
4.2.0,map_key_swap_kind_root,map_key,Root,spark_equals_structurally_by_name_cs,Spark,DriftedAsFound,ReportsEqual
4.2.0,map_key_swap_kind_root,map_key,Root,spark_equals_structurally_by_name_cs,Spark,BaselineAsFound,ReportsEqual
4.2.0,map_key_swap_kind_root,map_key,Root,spark_equals_structurally_by_name_ci,Spark,DriftedAsFound,ReportsEqual
4.2.0,map_key_swap_kind_root,map_key,Root,spark_equals_structurally_by_name_ci,Spark,BaselineAsFound,ReportsEqual
4.2.0,map_key_swap_kind_root,map_key,Root,ctdc_rt_exact,CtdcRuntime,DriftedAsFound,ReportsDifferent
4.2.0,map_key_swap_kind_root,map_key,Root,ctdc_rt_exact,CtdcRuntime,BaselineAsFound,ReportsDifferent
4.2.0,map_key_swap_kind_root,map_key,Root,ctdc_rt_exact_unordered_ci,CtdcRuntime,DriftedAsFound,ReportsDifferent
4.2.0,map_key_swap_kind_root,map_key,Root,ctdc_rt_exact_unordered_ci,CtdcRuntime,BaselineAsFound,ReportsDifferent
4.2.0,map_key_swap_kind_root,map_key,Root,ctdc_rt_exact_ordered,CtdcRuntime,DriftedAsFound,ReportsDifferent
4.2.0,map_key_swap_kind_root,map_key,Root,ctdc_rt_exact_ordered,CtdcRuntime,BaselineAsFound,ReportsDifferent
4.2.0,map_key_swap_kind_root,map_key,Root,ctdc_rt_exact_by_position,CtdcRuntime,DriftedAsFound,ReportsDifferent
4.2.0,map_key_swap_kind_root,map_key,Root,ctdc_rt_exact_by_position,CtdcRuntime,BaselineAsFound,ReportsDifferent
4.2.0,map_key_swap_kind_root,map_key,Root,ctdc_rt_backward,CtdcRuntime,DriftedAsFound,ReportsDifferent
4.2.0,map_key_swap_kind_root,map_key,Root,ctdc_rt_backward,CtdcRuntime,BaselineAsFound,ReportsDifferent
4.2.0,map_key_swap_kind_root,map_key,Root,ctdc_rt_forward,CtdcRuntime,DriftedAsFound,ReportsDifferent
4.2.0,map_key_swap_kind_root,map_key,Root,ctdc_rt_forward,CtdcRuntime,BaselineAsFound,ReportsDifferent
4.2.0,map_key_swap_kind_root,map_key,Root,ctdc_engine_exact,CtdcPolicyEngine,DriftedAsFound,ReportsDifferent
4.2.0,map_key_swap_kind_root,map_key,Root,ctdc_engine_exact,CtdcPolicyEngine,BaselineAsFound,ReportsDifferent
4.2.0,map_key_swap_kind_root,map_key,Root,ctdc_engine_exact_unordered_ci,CtdcPolicyEngine,DriftedAsFound,ReportsDifferent
4.2.0,map_key_swap_kind_root,map_key,Root,ctdc_engine_exact_unordered_ci,CtdcPolicyEngine,BaselineAsFound,ReportsDifferent
4.2.0,map_key_swap_kind_root,map_key,Root,ctdc_engine_exact_ordered,CtdcPolicyEngine,DriftedAsFound,ReportsDifferent
4.2.0,map_key_swap_kind_root,map_key,Root,ctdc_engine_exact_ordered,CtdcPolicyEngine,BaselineAsFound,ReportsDifferent
4.2.0,map_key_swap_kind_root,map_key,Root,ctdc_engine_exact_by_position,CtdcPolicyEngine,DriftedAsFound,ReportsDifferent
4.2.0,map_key_swap_kind_root,map_key,Root,ctdc_engine_exact_by_position,CtdcPolicyEngine,BaselineAsFound,ReportsDifferent
4.2.0,map_key_swap_kind_root,map_key,Root,ctdc_engine_backward,CtdcPolicyEngine,DriftedAsFound,ReportsDifferent
4.2.0,map_key_swap_kind_root,map_key,Root,ctdc_engine_backward,CtdcPolicyEngine,BaselineAsFound,ReportsDifferent
4.2.0,map_key_swap_kind_root,map_key,Root,ctdc_engine_forward,CtdcPolicyEngine,DriftedAsFound,ReportsDifferent
4.2.0,map_key_swap_kind_root,map_key,Root,ctdc_engine_forward,CtdcPolicyEngine,BaselineAsFound,ReportsDifferent
4.2.0,map_key_swap_kind_root,map_key,Root,avro_reader_writer_resolution,AvroResolution,DriftedAsFound,Errored
4.2.0,map_key_swap_kind_root,map_key,Root,avro_reader_writer_resolution,AvroResolution,BaselineAsFound,Errored
4.2.0,map_key_swap_kind_nested,map_key,Nested,spark_equals,Spark,DriftedAsFound,ReportsDifferent
4.2.0,map_key_swap_kind_nested,map_key,Nested,spark_equals,Spark,BaselineAsFound,ReportsDifferent
4.2.0,map_key_swap_kind_nested,map_key,Nested,spark_same_type,Spark,DriftedAsFound,ReportsDifferent
4.2.0,map_key_swap_kind_nested,map_key,Nested,spark_same_type,Spark,BaselineAsFound,ReportsDifferent
4.2.0,map_key_swap_kind_nested,map_key,Nested,spark_equals_ignore_nullability,Spark,DriftedAsFound,ReportsDifferent
4.2.0,map_key_swap_kind_nested,map_key,Nested,spark_equals_ignore_nullability,Spark,BaselineAsFound,ReportsDifferent
4.2.0,map_key_swap_kind_nested,map_key,Nested,spark_equals_ignore_case_and_nullability,Spark,DriftedAsFound,ReportsDifferent
4.2.0,map_key_swap_kind_nested,map_key,Nested,spark_equals_ignore_case_and_nullability,Spark,BaselineAsFound,ReportsDifferent
4.2.0,map_key_swap_kind_nested,map_key,Nested,spark_equals_ignore_compatible_nullability,Spark,DriftedAsFound,ReportsDifferent
4.2.0,map_key_swap_kind_nested,map_key,Nested,spark_equals_ignore_compatible_nullability,Spark,BaselineAsFound,ReportsDifferent
4.2.0,map_key_swap_kind_nested,map_key,Nested,spark_equals_ignore_name_and_compatible_nullability,Spark,DriftedAsFound,ReportsDifferent
4.2.0,map_key_swap_kind_nested,map_key,Nested,spark_equals_ignore_name_and_compatible_nullability,Spark,BaselineAsFound,ReportsDifferent
4.2.0,map_key_swap_kind_nested,map_key,Nested,spark_equals_structurally_strict,Spark,DriftedAsFound,ReportsDifferent
4.2.0,map_key_swap_kind_nested,map_key,Nested,spark_equals_structurally_strict,Spark,BaselineAsFound,ReportsDifferent
4.2.0,map_key_swap_kind_nested,map_key,Nested,spark_equals_structurally_ignore_nullability,Spark,DriftedAsFound,ReportsDifferent
4.2.0,map_key_swap_kind_nested,map_key,Nested,spark_equals_structurally_ignore_nullability,Spark,BaselineAsFound,ReportsDifferent
4.2.0,map_key_swap_kind_nested,map_key,Nested,spark_equals_structurally_by_name_cs,Spark,DriftedAsFound,ReportsEqual
4.2.0,map_key_swap_kind_nested,map_key,Nested,spark_equals_structurally_by_name_cs,Spark,BaselineAsFound,ReportsEqual
4.2.0,map_key_swap_kind_nested,map_key,Nested,spark_equals_structurally_by_name_ci,Spark,DriftedAsFound,ReportsEqual
4.2.0,map_key_swap_kind_nested,map_key,Nested,spark_equals_structurally_by_name_ci,Spark,BaselineAsFound,ReportsEqual
4.2.0,map_key_swap_kind_nested,map_key,Nested,ctdc_rt_exact,CtdcRuntime,DriftedAsFound,ReportsDifferent
4.2.0,map_key_swap_kind_nested,map_key,Nested,ctdc_rt_exact,CtdcRuntime,BaselineAsFound,ReportsDifferent
4.2.0,map_key_swap_kind_nested,map_key,Nested,ctdc_rt_exact_unordered_ci,CtdcRuntime,DriftedAsFound,ReportsDifferent
4.2.0,map_key_swap_kind_nested,map_key,Nested,ctdc_rt_exact_unordered_ci,CtdcRuntime,BaselineAsFound,ReportsDifferent
4.2.0,map_key_swap_kind_nested,map_key,Nested,ctdc_rt_exact_ordered,CtdcRuntime,DriftedAsFound,ReportsDifferent
4.2.0,map_key_swap_kind_nested,map_key,Nested,ctdc_rt_exact_ordered,CtdcRuntime,BaselineAsFound,ReportsDifferent
4.2.0,map_key_swap_kind_nested,map_key,Nested,ctdc_rt_exact_by_position,CtdcRuntime,DriftedAsFound,ReportsDifferent
4.2.0,map_key_swap_kind_nested,map_key,Nested,ctdc_rt_exact_by_position,CtdcRuntime,BaselineAsFound,ReportsDifferent
4.2.0,map_key_swap_kind_nested,map_key,Nested,ctdc_rt_backward,CtdcRuntime,DriftedAsFound,ReportsDifferent
4.2.0,map_key_swap_kind_nested,map_key,Nested,ctdc_rt_backward,CtdcRuntime,BaselineAsFound,ReportsDifferent
4.2.0,map_key_swap_kind_nested,map_key,Nested,ctdc_rt_forward,CtdcRuntime,DriftedAsFound,ReportsDifferent
4.2.0,map_key_swap_kind_nested,map_key,Nested,ctdc_rt_forward,CtdcRuntime,BaselineAsFound,ReportsDifferent
4.2.0,map_key_swap_kind_nested,map_key,Nested,ctdc_engine_exact,CtdcPolicyEngine,DriftedAsFound,ReportsDifferent
4.2.0,map_key_swap_kind_nested,map_key,Nested,ctdc_engine_exact,CtdcPolicyEngine,BaselineAsFound,ReportsDifferent
4.2.0,map_key_swap_kind_nested,map_key,Nested,ctdc_engine_exact_unordered_ci,CtdcPolicyEngine,DriftedAsFound,ReportsDifferent
4.2.0,map_key_swap_kind_nested,map_key,Nested,ctdc_engine_exact_unordered_ci,CtdcPolicyEngine,BaselineAsFound,ReportsDifferent
4.2.0,map_key_swap_kind_nested,map_key,Nested,ctdc_engine_exact_ordered,CtdcPolicyEngine,DriftedAsFound,ReportsDifferent
4.2.0,map_key_swap_kind_nested,map_key,Nested,ctdc_engine_exact_ordered,CtdcPolicyEngine,BaselineAsFound,ReportsDifferent
4.2.0,map_key_swap_kind_nested,map_key,Nested,ctdc_engine_exact_by_position,CtdcPolicyEngine,DriftedAsFound,ReportsDifferent
4.2.0,map_key_swap_kind_nested,map_key,Nested,ctdc_engine_exact_by_position,CtdcPolicyEngine,BaselineAsFound,ReportsDifferent
4.2.0,map_key_swap_kind_nested,map_key,Nested,ctdc_engine_backward,CtdcPolicyEngine,DriftedAsFound,ReportsDifferent
4.2.0,map_key_swap_kind_nested,map_key,Nested,ctdc_engine_backward,CtdcPolicyEngine,BaselineAsFound,ReportsDifferent
4.2.0,map_key_swap_kind_nested,map_key,Nested,ctdc_engine_forward,CtdcPolicyEngine,DriftedAsFound,ReportsDifferent
4.2.0,map_key_swap_kind_nested,map_key,Nested,ctdc_engine_forward,CtdcPolicyEngine,BaselineAsFound,ReportsDifferent
4.2.0,map_key_swap_kind_nested,map_key,Nested,avro_reader_writer_resolution,AvroResolution,DriftedAsFound,Errored
4.2.0,map_key_swap_kind_nested,map_key,Nested,avro_reader_writer_resolution,AvroResolution,BaselineAsFound,Errored
4.2.0,map_value_widen_leaf_root,map_value,Root,spark_equals,Spark,DriftedAsFound,ReportsDifferent
4.2.0,map_value_widen_leaf_root,map_value,Root,spark_equals,Spark,BaselineAsFound,ReportsDifferent
4.2.0,map_value_widen_leaf_root,map_value,Root,spark_same_type,Spark,DriftedAsFound,ReportsDifferent
4.2.0,map_value_widen_leaf_root,map_value,Root,spark_same_type,Spark,BaselineAsFound,ReportsDifferent
4.2.0,map_value_widen_leaf_root,map_value,Root,spark_equals_ignore_nullability,Spark,DriftedAsFound,ReportsDifferent
4.2.0,map_value_widen_leaf_root,map_value,Root,spark_equals_ignore_nullability,Spark,BaselineAsFound,ReportsDifferent
4.2.0,map_value_widen_leaf_root,map_value,Root,spark_equals_ignore_case_and_nullability,Spark,DriftedAsFound,ReportsDifferent
4.2.0,map_value_widen_leaf_root,map_value,Root,spark_equals_ignore_case_and_nullability,Spark,BaselineAsFound,ReportsDifferent
4.2.0,map_value_widen_leaf_root,map_value,Root,spark_equals_ignore_compatible_nullability,Spark,DriftedAsFound,ReportsDifferent
4.2.0,map_value_widen_leaf_root,map_value,Root,spark_equals_ignore_compatible_nullability,Spark,BaselineAsFound,ReportsDifferent
4.2.0,map_value_widen_leaf_root,map_value,Root,spark_equals_ignore_name_and_compatible_nullability,Spark,DriftedAsFound,ReportsDifferent
4.2.0,map_value_widen_leaf_root,map_value,Root,spark_equals_ignore_name_and_compatible_nullability,Spark,BaselineAsFound,ReportsDifferent
4.2.0,map_value_widen_leaf_root,map_value,Root,spark_equals_structurally_strict,Spark,DriftedAsFound,ReportsDifferent
4.2.0,map_value_widen_leaf_root,map_value,Root,spark_equals_structurally_strict,Spark,BaselineAsFound,ReportsDifferent
4.2.0,map_value_widen_leaf_root,map_value,Root,spark_equals_structurally_ignore_nullability,Spark,DriftedAsFound,ReportsDifferent
4.2.0,map_value_widen_leaf_root,map_value,Root,spark_equals_structurally_ignore_nullability,Spark,BaselineAsFound,ReportsDifferent
4.2.0,map_value_widen_leaf_root,map_value,Root,spark_equals_structurally_by_name_cs,Spark,DriftedAsFound,ReportsEqual
4.2.0,map_value_widen_leaf_root,map_value,Root,spark_equals_structurally_by_name_cs,Spark,BaselineAsFound,ReportsEqual
4.2.0,map_value_widen_leaf_root,map_value,Root,spark_equals_structurally_by_name_ci,Spark,DriftedAsFound,ReportsEqual
4.2.0,map_value_widen_leaf_root,map_value,Root,spark_equals_structurally_by_name_ci,Spark,BaselineAsFound,ReportsEqual
4.2.0,map_value_widen_leaf_root,map_value,Root,ctdc_rt_exact,CtdcRuntime,DriftedAsFound,ReportsDifferent
4.2.0,map_value_widen_leaf_root,map_value,Root,ctdc_rt_exact,CtdcRuntime,BaselineAsFound,ReportsDifferent
4.2.0,map_value_widen_leaf_root,map_value,Root,ctdc_rt_exact_unordered_ci,CtdcRuntime,DriftedAsFound,ReportsDifferent
4.2.0,map_value_widen_leaf_root,map_value,Root,ctdc_rt_exact_unordered_ci,CtdcRuntime,BaselineAsFound,ReportsDifferent
4.2.0,map_value_widen_leaf_root,map_value,Root,ctdc_rt_exact_ordered,CtdcRuntime,DriftedAsFound,ReportsDifferent
4.2.0,map_value_widen_leaf_root,map_value,Root,ctdc_rt_exact_ordered,CtdcRuntime,BaselineAsFound,ReportsDifferent
4.2.0,map_value_widen_leaf_root,map_value,Root,ctdc_rt_exact_by_position,CtdcRuntime,DriftedAsFound,ReportsDifferent
4.2.0,map_value_widen_leaf_root,map_value,Root,ctdc_rt_exact_by_position,CtdcRuntime,BaselineAsFound,ReportsDifferent
4.2.0,map_value_widen_leaf_root,map_value,Root,ctdc_rt_backward,CtdcRuntime,DriftedAsFound,ReportsDifferent
4.2.0,map_value_widen_leaf_root,map_value,Root,ctdc_rt_backward,CtdcRuntime,BaselineAsFound,ReportsDifferent
4.2.0,map_value_widen_leaf_root,map_value,Root,ctdc_rt_forward,CtdcRuntime,DriftedAsFound,ReportsDifferent
4.2.0,map_value_widen_leaf_root,map_value,Root,ctdc_rt_forward,CtdcRuntime,BaselineAsFound,ReportsDifferent
4.2.0,map_value_widen_leaf_root,map_value,Root,ctdc_engine_exact,CtdcPolicyEngine,DriftedAsFound,ReportsDifferent
4.2.0,map_value_widen_leaf_root,map_value,Root,ctdc_engine_exact,CtdcPolicyEngine,BaselineAsFound,ReportsDifferent
4.2.0,map_value_widen_leaf_root,map_value,Root,ctdc_engine_exact_unordered_ci,CtdcPolicyEngine,DriftedAsFound,ReportsDifferent
4.2.0,map_value_widen_leaf_root,map_value,Root,ctdc_engine_exact_unordered_ci,CtdcPolicyEngine,BaselineAsFound,ReportsDifferent
4.2.0,map_value_widen_leaf_root,map_value,Root,ctdc_engine_exact_ordered,CtdcPolicyEngine,DriftedAsFound,ReportsDifferent
4.2.0,map_value_widen_leaf_root,map_value,Root,ctdc_engine_exact_ordered,CtdcPolicyEngine,BaselineAsFound,ReportsDifferent
4.2.0,map_value_widen_leaf_root,map_value,Root,ctdc_engine_exact_by_position,CtdcPolicyEngine,DriftedAsFound,ReportsDifferent
4.2.0,map_value_widen_leaf_root,map_value,Root,ctdc_engine_exact_by_position,CtdcPolicyEngine,BaselineAsFound,ReportsDifferent
4.2.0,map_value_widen_leaf_root,map_value,Root,ctdc_engine_backward,CtdcPolicyEngine,DriftedAsFound,ReportsDifferent
4.2.0,map_value_widen_leaf_root,map_value,Root,ctdc_engine_backward,CtdcPolicyEngine,BaselineAsFound,ReportsDifferent
4.2.0,map_value_widen_leaf_root,map_value,Root,ctdc_engine_forward,CtdcPolicyEngine,DriftedAsFound,ReportsDifferent
4.2.0,map_value_widen_leaf_root,map_value,Root,ctdc_engine_forward,CtdcPolicyEngine,BaselineAsFound,ReportsDifferent
4.2.0,map_value_widen_leaf_root,map_value,Root,avro_reader_writer_resolution,AvroResolution,DriftedAsFound,ReportsDifferent
4.2.0,map_value_widen_leaf_root,map_value,Root,avro_reader_writer_resolution,AvroResolution,BaselineAsFound,ReportsEqual
4.2.0,map_value_widen_leaf_nested,map_value,Nested,spark_equals,Spark,DriftedAsFound,ReportsDifferent
4.2.0,map_value_widen_leaf_nested,map_value,Nested,spark_equals,Spark,BaselineAsFound,ReportsDifferent
4.2.0,map_value_widen_leaf_nested,map_value,Nested,spark_same_type,Spark,DriftedAsFound,ReportsDifferent
4.2.0,map_value_widen_leaf_nested,map_value,Nested,spark_same_type,Spark,BaselineAsFound,ReportsDifferent
4.2.0,map_value_widen_leaf_nested,map_value,Nested,spark_equals_ignore_nullability,Spark,DriftedAsFound,ReportsDifferent
4.2.0,map_value_widen_leaf_nested,map_value,Nested,spark_equals_ignore_nullability,Spark,BaselineAsFound,ReportsDifferent
4.2.0,map_value_widen_leaf_nested,map_value,Nested,spark_equals_ignore_case_and_nullability,Spark,DriftedAsFound,ReportsDifferent
4.2.0,map_value_widen_leaf_nested,map_value,Nested,spark_equals_ignore_case_and_nullability,Spark,BaselineAsFound,ReportsDifferent
4.2.0,map_value_widen_leaf_nested,map_value,Nested,spark_equals_ignore_compatible_nullability,Spark,DriftedAsFound,ReportsDifferent
4.2.0,map_value_widen_leaf_nested,map_value,Nested,spark_equals_ignore_compatible_nullability,Spark,BaselineAsFound,ReportsDifferent
4.2.0,map_value_widen_leaf_nested,map_value,Nested,spark_equals_ignore_name_and_compatible_nullability,Spark,DriftedAsFound,ReportsDifferent
4.2.0,map_value_widen_leaf_nested,map_value,Nested,spark_equals_ignore_name_and_compatible_nullability,Spark,BaselineAsFound,ReportsDifferent
4.2.0,map_value_widen_leaf_nested,map_value,Nested,spark_equals_structurally_strict,Spark,DriftedAsFound,ReportsDifferent
4.2.0,map_value_widen_leaf_nested,map_value,Nested,spark_equals_structurally_strict,Spark,BaselineAsFound,ReportsDifferent
4.2.0,map_value_widen_leaf_nested,map_value,Nested,spark_equals_structurally_ignore_nullability,Spark,DriftedAsFound,ReportsDifferent
4.2.0,map_value_widen_leaf_nested,map_value,Nested,spark_equals_structurally_ignore_nullability,Spark,BaselineAsFound,ReportsDifferent
4.2.0,map_value_widen_leaf_nested,map_value,Nested,spark_equals_structurally_by_name_cs,Spark,DriftedAsFound,ReportsEqual
4.2.0,map_value_widen_leaf_nested,map_value,Nested,spark_equals_structurally_by_name_cs,Spark,BaselineAsFound,ReportsEqual
4.2.0,map_value_widen_leaf_nested,map_value,Nested,spark_equals_structurally_by_name_ci,Spark,DriftedAsFound,ReportsEqual
4.2.0,map_value_widen_leaf_nested,map_value,Nested,spark_equals_structurally_by_name_ci,Spark,BaselineAsFound,ReportsEqual
4.2.0,map_value_widen_leaf_nested,map_value,Nested,ctdc_rt_exact,CtdcRuntime,DriftedAsFound,ReportsDifferent
4.2.0,map_value_widen_leaf_nested,map_value,Nested,ctdc_rt_exact,CtdcRuntime,BaselineAsFound,ReportsDifferent
4.2.0,map_value_widen_leaf_nested,map_value,Nested,ctdc_rt_exact_unordered_ci,CtdcRuntime,DriftedAsFound,ReportsDifferent
4.2.0,map_value_widen_leaf_nested,map_value,Nested,ctdc_rt_exact_unordered_ci,CtdcRuntime,BaselineAsFound,ReportsDifferent
4.2.0,map_value_widen_leaf_nested,map_value,Nested,ctdc_rt_exact_ordered,CtdcRuntime,DriftedAsFound,ReportsDifferent
4.2.0,map_value_widen_leaf_nested,map_value,Nested,ctdc_rt_exact_ordered,CtdcRuntime,BaselineAsFound,ReportsDifferent
4.2.0,map_value_widen_leaf_nested,map_value,Nested,ctdc_rt_exact_by_position,CtdcRuntime,DriftedAsFound,ReportsDifferent
4.2.0,map_value_widen_leaf_nested,map_value,Nested,ctdc_rt_exact_by_position,CtdcRuntime,BaselineAsFound,ReportsDifferent
4.2.0,map_value_widen_leaf_nested,map_value,Nested,ctdc_rt_backward,CtdcRuntime,DriftedAsFound,ReportsDifferent
4.2.0,map_value_widen_leaf_nested,map_value,Nested,ctdc_rt_backward,CtdcRuntime,BaselineAsFound,ReportsDifferent
4.2.0,map_value_widen_leaf_nested,map_value,Nested,ctdc_rt_forward,CtdcRuntime,DriftedAsFound,ReportsDifferent
4.2.0,map_value_widen_leaf_nested,map_value,Nested,ctdc_rt_forward,CtdcRuntime,BaselineAsFound,ReportsDifferent
4.2.0,map_value_widen_leaf_nested,map_value,Nested,ctdc_engine_exact,CtdcPolicyEngine,DriftedAsFound,ReportsDifferent
4.2.0,map_value_widen_leaf_nested,map_value,Nested,ctdc_engine_exact,CtdcPolicyEngine,BaselineAsFound,ReportsDifferent
4.2.0,map_value_widen_leaf_nested,map_value,Nested,ctdc_engine_exact_unordered_ci,CtdcPolicyEngine,DriftedAsFound,ReportsDifferent
4.2.0,map_value_widen_leaf_nested,map_value,Nested,ctdc_engine_exact_unordered_ci,CtdcPolicyEngine,BaselineAsFound,ReportsDifferent
4.2.0,map_value_widen_leaf_nested,map_value,Nested,ctdc_engine_exact_ordered,CtdcPolicyEngine,DriftedAsFound,ReportsDifferent
4.2.0,map_value_widen_leaf_nested,map_value,Nested,ctdc_engine_exact_ordered,CtdcPolicyEngine,BaselineAsFound,ReportsDifferent
4.2.0,map_value_widen_leaf_nested,map_value,Nested,ctdc_engine_exact_by_position,CtdcPolicyEngine,DriftedAsFound,ReportsDifferent
4.2.0,map_value_widen_leaf_nested,map_value,Nested,ctdc_engine_exact_by_position,CtdcPolicyEngine,BaselineAsFound,ReportsDifferent
4.2.0,map_value_widen_leaf_nested,map_value,Nested,ctdc_engine_backward,CtdcPolicyEngine,DriftedAsFound,ReportsDifferent
4.2.0,map_value_widen_leaf_nested,map_value,Nested,ctdc_engine_backward,CtdcPolicyEngine,BaselineAsFound,ReportsDifferent
4.2.0,map_value_widen_leaf_nested,map_value,Nested,ctdc_engine_forward,CtdcPolicyEngine,DriftedAsFound,ReportsDifferent
4.2.0,map_value_widen_leaf_nested,map_value,Nested,ctdc_engine_forward,CtdcPolicyEngine,BaselineAsFound,ReportsDifferent
4.2.0,map_value_widen_leaf_nested,map_value,Nested,avro_reader_writer_resolution,AvroResolution,DriftedAsFound,ReportsDifferent
4.2.0,map_value_widen_leaf_nested,map_value,Nested,avro_reader_writer_resolution,AvroResolution,BaselineAsFound,ReportsEqual
4.2.0,map_value_swap_leaf_root,map_value,Root,spark_equals,Spark,DriftedAsFound,ReportsDifferent
4.2.0,map_value_swap_leaf_root,map_value,Root,spark_equals,Spark,BaselineAsFound,ReportsDifferent
4.2.0,map_value_swap_leaf_root,map_value,Root,spark_same_type,Spark,DriftedAsFound,ReportsDifferent
4.2.0,map_value_swap_leaf_root,map_value,Root,spark_same_type,Spark,BaselineAsFound,ReportsDifferent
4.2.0,map_value_swap_leaf_root,map_value,Root,spark_equals_ignore_nullability,Spark,DriftedAsFound,ReportsDifferent
4.2.0,map_value_swap_leaf_root,map_value,Root,spark_equals_ignore_nullability,Spark,BaselineAsFound,ReportsDifferent
4.2.0,map_value_swap_leaf_root,map_value,Root,spark_equals_ignore_case_and_nullability,Spark,DriftedAsFound,ReportsDifferent
4.2.0,map_value_swap_leaf_root,map_value,Root,spark_equals_ignore_case_and_nullability,Spark,BaselineAsFound,ReportsDifferent
4.2.0,map_value_swap_leaf_root,map_value,Root,spark_equals_ignore_compatible_nullability,Spark,DriftedAsFound,ReportsDifferent
4.2.0,map_value_swap_leaf_root,map_value,Root,spark_equals_ignore_compatible_nullability,Spark,BaselineAsFound,ReportsDifferent
4.2.0,map_value_swap_leaf_root,map_value,Root,spark_equals_ignore_name_and_compatible_nullability,Spark,DriftedAsFound,ReportsDifferent
4.2.0,map_value_swap_leaf_root,map_value,Root,spark_equals_ignore_name_and_compatible_nullability,Spark,BaselineAsFound,ReportsDifferent
4.2.0,map_value_swap_leaf_root,map_value,Root,spark_equals_structurally_strict,Spark,DriftedAsFound,ReportsDifferent
4.2.0,map_value_swap_leaf_root,map_value,Root,spark_equals_structurally_strict,Spark,BaselineAsFound,ReportsDifferent
4.2.0,map_value_swap_leaf_root,map_value,Root,spark_equals_structurally_ignore_nullability,Spark,DriftedAsFound,ReportsDifferent
4.2.0,map_value_swap_leaf_root,map_value,Root,spark_equals_structurally_ignore_nullability,Spark,BaselineAsFound,ReportsDifferent
4.2.0,map_value_swap_leaf_root,map_value,Root,spark_equals_structurally_by_name_cs,Spark,DriftedAsFound,ReportsEqual
4.2.0,map_value_swap_leaf_root,map_value,Root,spark_equals_structurally_by_name_cs,Spark,BaselineAsFound,ReportsEqual
4.2.0,map_value_swap_leaf_root,map_value,Root,spark_equals_structurally_by_name_ci,Spark,DriftedAsFound,ReportsEqual
4.2.0,map_value_swap_leaf_root,map_value,Root,spark_equals_structurally_by_name_ci,Spark,BaselineAsFound,ReportsEqual
4.2.0,map_value_swap_leaf_root,map_value,Root,ctdc_rt_exact,CtdcRuntime,DriftedAsFound,ReportsDifferent
4.2.0,map_value_swap_leaf_root,map_value,Root,ctdc_rt_exact,CtdcRuntime,BaselineAsFound,ReportsDifferent
4.2.0,map_value_swap_leaf_root,map_value,Root,ctdc_rt_exact_unordered_ci,CtdcRuntime,DriftedAsFound,ReportsDifferent
4.2.0,map_value_swap_leaf_root,map_value,Root,ctdc_rt_exact_unordered_ci,CtdcRuntime,BaselineAsFound,ReportsDifferent
4.2.0,map_value_swap_leaf_root,map_value,Root,ctdc_rt_exact_ordered,CtdcRuntime,DriftedAsFound,ReportsDifferent
4.2.0,map_value_swap_leaf_root,map_value,Root,ctdc_rt_exact_ordered,CtdcRuntime,BaselineAsFound,ReportsDifferent
4.2.0,map_value_swap_leaf_root,map_value,Root,ctdc_rt_exact_by_position,CtdcRuntime,DriftedAsFound,ReportsDifferent
4.2.0,map_value_swap_leaf_root,map_value,Root,ctdc_rt_exact_by_position,CtdcRuntime,BaselineAsFound,ReportsDifferent
4.2.0,map_value_swap_leaf_root,map_value,Root,ctdc_rt_backward,CtdcRuntime,DriftedAsFound,ReportsDifferent
4.2.0,map_value_swap_leaf_root,map_value,Root,ctdc_rt_backward,CtdcRuntime,BaselineAsFound,ReportsDifferent
4.2.0,map_value_swap_leaf_root,map_value,Root,ctdc_rt_forward,CtdcRuntime,DriftedAsFound,ReportsDifferent
4.2.0,map_value_swap_leaf_root,map_value,Root,ctdc_rt_forward,CtdcRuntime,BaselineAsFound,ReportsDifferent
4.2.0,map_value_swap_leaf_root,map_value,Root,ctdc_engine_exact,CtdcPolicyEngine,DriftedAsFound,ReportsDifferent
4.2.0,map_value_swap_leaf_root,map_value,Root,ctdc_engine_exact,CtdcPolicyEngine,BaselineAsFound,ReportsDifferent
4.2.0,map_value_swap_leaf_root,map_value,Root,ctdc_engine_exact_unordered_ci,CtdcPolicyEngine,DriftedAsFound,ReportsDifferent
4.2.0,map_value_swap_leaf_root,map_value,Root,ctdc_engine_exact_unordered_ci,CtdcPolicyEngine,BaselineAsFound,ReportsDifferent
4.2.0,map_value_swap_leaf_root,map_value,Root,ctdc_engine_exact_ordered,CtdcPolicyEngine,DriftedAsFound,ReportsDifferent
4.2.0,map_value_swap_leaf_root,map_value,Root,ctdc_engine_exact_ordered,CtdcPolicyEngine,BaselineAsFound,ReportsDifferent
4.2.0,map_value_swap_leaf_root,map_value,Root,ctdc_engine_exact_by_position,CtdcPolicyEngine,DriftedAsFound,ReportsDifferent
4.2.0,map_value_swap_leaf_root,map_value,Root,ctdc_engine_exact_by_position,CtdcPolicyEngine,BaselineAsFound,ReportsDifferent
4.2.0,map_value_swap_leaf_root,map_value,Root,ctdc_engine_backward,CtdcPolicyEngine,DriftedAsFound,ReportsDifferent
4.2.0,map_value_swap_leaf_root,map_value,Root,ctdc_engine_backward,CtdcPolicyEngine,BaselineAsFound,ReportsDifferent
4.2.0,map_value_swap_leaf_root,map_value,Root,ctdc_engine_forward,CtdcPolicyEngine,DriftedAsFound,ReportsDifferent
4.2.0,map_value_swap_leaf_root,map_value,Root,ctdc_engine_forward,CtdcPolicyEngine,BaselineAsFound,ReportsDifferent
4.2.0,map_value_swap_leaf_root,map_value,Root,avro_reader_writer_resolution,AvroResolution,DriftedAsFound,ReportsDifferent
4.2.0,map_value_swap_leaf_root,map_value,Root,avro_reader_writer_resolution,AvroResolution,BaselineAsFound,ReportsDifferent
4.2.0,map_value_swap_leaf_nested,map_value,Nested,spark_equals,Spark,DriftedAsFound,ReportsDifferent
4.2.0,map_value_swap_leaf_nested,map_value,Nested,spark_equals,Spark,BaselineAsFound,ReportsDifferent
4.2.0,map_value_swap_leaf_nested,map_value,Nested,spark_same_type,Spark,DriftedAsFound,ReportsDifferent
4.2.0,map_value_swap_leaf_nested,map_value,Nested,spark_same_type,Spark,BaselineAsFound,ReportsDifferent
4.2.0,map_value_swap_leaf_nested,map_value,Nested,spark_equals_ignore_nullability,Spark,DriftedAsFound,ReportsDifferent
4.2.0,map_value_swap_leaf_nested,map_value,Nested,spark_equals_ignore_nullability,Spark,BaselineAsFound,ReportsDifferent
4.2.0,map_value_swap_leaf_nested,map_value,Nested,spark_equals_ignore_case_and_nullability,Spark,DriftedAsFound,ReportsDifferent
4.2.0,map_value_swap_leaf_nested,map_value,Nested,spark_equals_ignore_case_and_nullability,Spark,BaselineAsFound,ReportsDifferent
4.2.0,map_value_swap_leaf_nested,map_value,Nested,spark_equals_ignore_compatible_nullability,Spark,DriftedAsFound,ReportsDifferent
4.2.0,map_value_swap_leaf_nested,map_value,Nested,spark_equals_ignore_compatible_nullability,Spark,BaselineAsFound,ReportsDifferent
4.2.0,map_value_swap_leaf_nested,map_value,Nested,spark_equals_ignore_name_and_compatible_nullability,Spark,DriftedAsFound,ReportsDifferent
4.2.0,map_value_swap_leaf_nested,map_value,Nested,spark_equals_ignore_name_and_compatible_nullability,Spark,BaselineAsFound,ReportsDifferent
4.2.0,map_value_swap_leaf_nested,map_value,Nested,spark_equals_structurally_strict,Spark,DriftedAsFound,ReportsDifferent
4.2.0,map_value_swap_leaf_nested,map_value,Nested,spark_equals_structurally_strict,Spark,BaselineAsFound,ReportsDifferent
4.2.0,map_value_swap_leaf_nested,map_value,Nested,spark_equals_structurally_ignore_nullability,Spark,DriftedAsFound,ReportsDifferent
4.2.0,map_value_swap_leaf_nested,map_value,Nested,spark_equals_structurally_ignore_nullability,Spark,BaselineAsFound,ReportsDifferent
4.2.0,map_value_swap_leaf_nested,map_value,Nested,spark_equals_structurally_by_name_cs,Spark,DriftedAsFound,ReportsEqual
4.2.0,map_value_swap_leaf_nested,map_value,Nested,spark_equals_structurally_by_name_cs,Spark,BaselineAsFound,ReportsEqual
4.2.0,map_value_swap_leaf_nested,map_value,Nested,spark_equals_structurally_by_name_ci,Spark,DriftedAsFound,ReportsEqual
4.2.0,map_value_swap_leaf_nested,map_value,Nested,spark_equals_structurally_by_name_ci,Spark,BaselineAsFound,ReportsEqual
4.2.0,map_value_swap_leaf_nested,map_value,Nested,ctdc_rt_exact,CtdcRuntime,DriftedAsFound,ReportsDifferent
4.2.0,map_value_swap_leaf_nested,map_value,Nested,ctdc_rt_exact,CtdcRuntime,BaselineAsFound,ReportsDifferent
4.2.0,map_value_swap_leaf_nested,map_value,Nested,ctdc_rt_exact_unordered_ci,CtdcRuntime,DriftedAsFound,ReportsDifferent
4.2.0,map_value_swap_leaf_nested,map_value,Nested,ctdc_rt_exact_unordered_ci,CtdcRuntime,BaselineAsFound,ReportsDifferent
4.2.0,map_value_swap_leaf_nested,map_value,Nested,ctdc_rt_exact_ordered,CtdcRuntime,DriftedAsFound,ReportsDifferent
4.2.0,map_value_swap_leaf_nested,map_value,Nested,ctdc_rt_exact_ordered,CtdcRuntime,BaselineAsFound,ReportsDifferent
4.2.0,map_value_swap_leaf_nested,map_value,Nested,ctdc_rt_exact_by_position,CtdcRuntime,DriftedAsFound,ReportsDifferent
4.2.0,map_value_swap_leaf_nested,map_value,Nested,ctdc_rt_exact_by_position,CtdcRuntime,BaselineAsFound,ReportsDifferent
4.2.0,map_value_swap_leaf_nested,map_value,Nested,ctdc_rt_backward,CtdcRuntime,DriftedAsFound,ReportsDifferent
4.2.0,map_value_swap_leaf_nested,map_value,Nested,ctdc_rt_backward,CtdcRuntime,BaselineAsFound,ReportsDifferent
4.2.0,map_value_swap_leaf_nested,map_value,Nested,ctdc_rt_forward,CtdcRuntime,DriftedAsFound,ReportsDifferent
4.2.0,map_value_swap_leaf_nested,map_value,Nested,ctdc_rt_forward,CtdcRuntime,BaselineAsFound,ReportsDifferent
4.2.0,map_value_swap_leaf_nested,map_value,Nested,ctdc_engine_exact,CtdcPolicyEngine,DriftedAsFound,ReportsDifferent
4.2.0,map_value_swap_leaf_nested,map_value,Nested,ctdc_engine_exact,CtdcPolicyEngine,BaselineAsFound,ReportsDifferent
4.2.0,map_value_swap_leaf_nested,map_value,Nested,ctdc_engine_exact_unordered_ci,CtdcPolicyEngine,DriftedAsFound,ReportsDifferent
4.2.0,map_value_swap_leaf_nested,map_value,Nested,ctdc_engine_exact_unordered_ci,CtdcPolicyEngine,BaselineAsFound,ReportsDifferent
4.2.0,map_value_swap_leaf_nested,map_value,Nested,ctdc_engine_exact_ordered,CtdcPolicyEngine,DriftedAsFound,ReportsDifferent
4.2.0,map_value_swap_leaf_nested,map_value,Nested,ctdc_engine_exact_ordered,CtdcPolicyEngine,BaselineAsFound,ReportsDifferent
4.2.0,map_value_swap_leaf_nested,map_value,Nested,ctdc_engine_exact_by_position,CtdcPolicyEngine,DriftedAsFound,ReportsDifferent
4.2.0,map_value_swap_leaf_nested,map_value,Nested,ctdc_engine_exact_by_position,CtdcPolicyEngine,BaselineAsFound,ReportsDifferent
4.2.0,map_value_swap_leaf_nested,map_value,Nested,ctdc_engine_backward,CtdcPolicyEngine,DriftedAsFound,ReportsDifferent
4.2.0,map_value_swap_leaf_nested,map_value,Nested,ctdc_engine_backward,CtdcPolicyEngine,BaselineAsFound,ReportsDifferent
4.2.0,map_value_swap_leaf_nested,map_value,Nested,ctdc_engine_forward,CtdcPolicyEngine,DriftedAsFound,ReportsDifferent
4.2.0,map_value_swap_leaf_nested,map_value,Nested,ctdc_engine_forward,CtdcPolicyEngine,BaselineAsFound,ReportsDifferent
4.2.0,map_value_swap_leaf_nested,map_value,Nested,avro_reader_writer_resolution,AvroResolution,DriftedAsFound,ReportsDifferent
4.2.0,map_value_swap_leaf_nested,map_value,Nested,avro_reader_writer_resolution,AvroResolution,BaselineAsFound,ReportsDifferent
4.2.0,map_value_swap_kind_root,map_value,Root,spark_equals,Spark,DriftedAsFound,ReportsDifferent
4.2.0,map_value_swap_kind_root,map_value,Root,spark_equals,Spark,BaselineAsFound,ReportsDifferent
4.2.0,map_value_swap_kind_root,map_value,Root,spark_same_type,Spark,DriftedAsFound,ReportsDifferent
4.2.0,map_value_swap_kind_root,map_value,Root,spark_same_type,Spark,BaselineAsFound,ReportsDifferent
4.2.0,map_value_swap_kind_root,map_value,Root,spark_equals_ignore_nullability,Spark,DriftedAsFound,ReportsDifferent
4.2.0,map_value_swap_kind_root,map_value,Root,spark_equals_ignore_nullability,Spark,BaselineAsFound,ReportsDifferent
4.2.0,map_value_swap_kind_root,map_value,Root,spark_equals_ignore_case_and_nullability,Spark,DriftedAsFound,ReportsDifferent
4.2.0,map_value_swap_kind_root,map_value,Root,spark_equals_ignore_case_and_nullability,Spark,BaselineAsFound,ReportsDifferent
4.2.0,map_value_swap_kind_root,map_value,Root,spark_equals_ignore_compatible_nullability,Spark,DriftedAsFound,ReportsDifferent
4.2.0,map_value_swap_kind_root,map_value,Root,spark_equals_ignore_compatible_nullability,Spark,BaselineAsFound,ReportsDifferent
4.2.0,map_value_swap_kind_root,map_value,Root,spark_equals_ignore_name_and_compatible_nullability,Spark,DriftedAsFound,ReportsDifferent
4.2.0,map_value_swap_kind_root,map_value,Root,spark_equals_ignore_name_and_compatible_nullability,Spark,BaselineAsFound,ReportsDifferent
4.2.0,map_value_swap_kind_root,map_value,Root,spark_equals_structurally_strict,Spark,DriftedAsFound,ReportsDifferent
4.2.0,map_value_swap_kind_root,map_value,Root,spark_equals_structurally_strict,Spark,BaselineAsFound,ReportsDifferent
4.2.0,map_value_swap_kind_root,map_value,Root,spark_equals_structurally_ignore_nullability,Spark,DriftedAsFound,ReportsDifferent
4.2.0,map_value_swap_kind_root,map_value,Root,spark_equals_structurally_ignore_nullability,Spark,BaselineAsFound,ReportsDifferent
4.2.0,map_value_swap_kind_root,map_value,Root,spark_equals_structurally_by_name_cs,Spark,DriftedAsFound,ReportsEqual
4.2.0,map_value_swap_kind_root,map_value,Root,spark_equals_structurally_by_name_cs,Spark,BaselineAsFound,ReportsEqual
4.2.0,map_value_swap_kind_root,map_value,Root,spark_equals_structurally_by_name_ci,Spark,DriftedAsFound,ReportsEqual
4.2.0,map_value_swap_kind_root,map_value,Root,spark_equals_structurally_by_name_ci,Spark,BaselineAsFound,ReportsEqual
4.2.0,map_value_swap_kind_root,map_value,Root,ctdc_rt_exact,CtdcRuntime,DriftedAsFound,ReportsDifferent
4.2.0,map_value_swap_kind_root,map_value,Root,ctdc_rt_exact,CtdcRuntime,BaselineAsFound,ReportsDifferent
4.2.0,map_value_swap_kind_root,map_value,Root,ctdc_rt_exact_unordered_ci,CtdcRuntime,DriftedAsFound,ReportsDifferent
4.2.0,map_value_swap_kind_root,map_value,Root,ctdc_rt_exact_unordered_ci,CtdcRuntime,BaselineAsFound,ReportsDifferent
4.2.0,map_value_swap_kind_root,map_value,Root,ctdc_rt_exact_ordered,CtdcRuntime,DriftedAsFound,ReportsDifferent
4.2.0,map_value_swap_kind_root,map_value,Root,ctdc_rt_exact_ordered,CtdcRuntime,BaselineAsFound,ReportsDifferent
4.2.0,map_value_swap_kind_root,map_value,Root,ctdc_rt_exact_by_position,CtdcRuntime,DriftedAsFound,ReportsDifferent
4.2.0,map_value_swap_kind_root,map_value,Root,ctdc_rt_exact_by_position,CtdcRuntime,BaselineAsFound,ReportsDifferent
4.2.0,map_value_swap_kind_root,map_value,Root,ctdc_rt_backward,CtdcRuntime,DriftedAsFound,ReportsDifferent
4.2.0,map_value_swap_kind_root,map_value,Root,ctdc_rt_backward,CtdcRuntime,BaselineAsFound,ReportsDifferent
4.2.0,map_value_swap_kind_root,map_value,Root,ctdc_rt_forward,CtdcRuntime,DriftedAsFound,ReportsDifferent
4.2.0,map_value_swap_kind_root,map_value,Root,ctdc_rt_forward,CtdcRuntime,BaselineAsFound,ReportsDifferent
4.2.0,map_value_swap_kind_root,map_value,Root,ctdc_engine_exact,CtdcPolicyEngine,DriftedAsFound,ReportsDifferent
4.2.0,map_value_swap_kind_root,map_value,Root,ctdc_engine_exact,CtdcPolicyEngine,BaselineAsFound,ReportsDifferent
4.2.0,map_value_swap_kind_root,map_value,Root,ctdc_engine_exact_unordered_ci,CtdcPolicyEngine,DriftedAsFound,ReportsDifferent
4.2.0,map_value_swap_kind_root,map_value,Root,ctdc_engine_exact_unordered_ci,CtdcPolicyEngine,BaselineAsFound,ReportsDifferent
4.2.0,map_value_swap_kind_root,map_value,Root,ctdc_engine_exact_ordered,CtdcPolicyEngine,DriftedAsFound,ReportsDifferent
4.2.0,map_value_swap_kind_root,map_value,Root,ctdc_engine_exact_ordered,CtdcPolicyEngine,BaselineAsFound,ReportsDifferent
4.2.0,map_value_swap_kind_root,map_value,Root,ctdc_engine_exact_by_position,CtdcPolicyEngine,DriftedAsFound,ReportsDifferent
4.2.0,map_value_swap_kind_root,map_value,Root,ctdc_engine_exact_by_position,CtdcPolicyEngine,BaselineAsFound,ReportsDifferent
4.2.0,map_value_swap_kind_root,map_value,Root,ctdc_engine_backward,CtdcPolicyEngine,DriftedAsFound,ReportsDifferent
4.2.0,map_value_swap_kind_root,map_value,Root,ctdc_engine_backward,CtdcPolicyEngine,BaselineAsFound,ReportsDifferent
4.2.0,map_value_swap_kind_root,map_value,Root,ctdc_engine_forward,CtdcPolicyEngine,DriftedAsFound,ReportsDifferent
4.2.0,map_value_swap_kind_root,map_value,Root,ctdc_engine_forward,CtdcPolicyEngine,BaselineAsFound,ReportsDifferent
4.2.0,map_value_swap_kind_root,map_value,Root,avro_reader_writer_resolution,AvroResolution,DriftedAsFound,ReportsDifferent
4.2.0,map_value_swap_kind_root,map_value,Root,avro_reader_writer_resolution,AvroResolution,BaselineAsFound,ReportsDifferent
4.2.0,map_value_swap_kind_nested,map_value,Nested,spark_equals,Spark,DriftedAsFound,ReportsDifferent
4.2.0,map_value_swap_kind_nested,map_value,Nested,spark_equals,Spark,BaselineAsFound,ReportsDifferent
4.2.0,map_value_swap_kind_nested,map_value,Nested,spark_same_type,Spark,DriftedAsFound,ReportsDifferent
4.2.0,map_value_swap_kind_nested,map_value,Nested,spark_same_type,Spark,BaselineAsFound,ReportsDifferent
4.2.0,map_value_swap_kind_nested,map_value,Nested,spark_equals_ignore_nullability,Spark,DriftedAsFound,ReportsDifferent
4.2.0,map_value_swap_kind_nested,map_value,Nested,spark_equals_ignore_nullability,Spark,BaselineAsFound,ReportsDifferent
4.2.0,map_value_swap_kind_nested,map_value,Nested,spark_equals_ignore_case_and_nullability,Spark,DriftedAsFound,ReportsDifferent
4.2.0,map_value_swap_kind_nested,map_value,Nested,spark_equals_ignore_case_and_nullability,Spark,BaselineAsFound,ReportsDifferent
4.2.0,map_value_swap_kind_nested,map_value,Nested,spark_equals_ignore_compatible_nullability,Spark,DriftedAsFound,ReportsDifferent
4.2.0,map_value_swap_kind_nested,map_value,Nested,spark_equals_ignore_compatible_nullability,Spark,BaselineAsFound,ReportsDifferent
4.2.0,map_value_swap_kind_nested,map_value,Nested,spark_equals_ignore_name_and_compatible_nullability,Spark,DriftedAsFound,ReportsDifferent
4.2.0,map_value_swap_kind_nested,map_value,Nested,spark_equals_ignore_name_and_compatible_nullability,Spark,BaselineAsFound,ReportsDifferent
4.2.0,map_value_swap_kind_nested,map_value,Nested,spark_equals_structurally_strict,Spark,DriftedAsFound,ReportsDifferent
4.2.0,map_value_swap_kind_nested,map_value,Nested,spark_equals_structurally_strict,Spark,BaselineAsFound,ReportsDifferent
4.2.0,map_value_swap_kind_nested,map_value,Nested,spark_equals_structurally_ignore_nullability,Spark,DriftedAsFound,ReportsDifferent
4.2.0,map_value_swap_kind_nested,map_value,Nested,spark_equals_structurally_ignore_nullability,Spark,BaselineAsFound,ReportsDifferent
4.2.0,map_value_swap_kind_nested,map_value,Nested,spark_equals_structurally_by_name_cs,Spark,DriftedAsFound,ReportsEqual
4.2.0,map_value_swap_kind_nested,map_value,Nested,spark_equals_structurally_by_name_cs,Spark,BaselineAsFound,ReportsEqual
4.2.0,map_value_swap_kind_nested,map_value,Nested,spark_equals_structurally_by_name_ci,Spark,DriftedAsFound,ReportsEqual
4.2.0,map_value_swap_kind_nested,map_value,Nested,spark_equals_structurally_by_name_ci,Spark,BaselineAsFound,ReportsEqual
4.2.0,map_value_swap_kind_nested,map_value,Nested,ctdc_rt_exact,CtdcRuntime,DriftedAsFound,ReportsDifferent
4.2.0,map_value_swap_kind_nested,map_value,Nested,ctdc_rt_exact,CtdcRuntime,BaselineAsFound,ReportsDifferent
4.2.0,map_value_swap_kind_nested,map_value,Nested,ctdc_rt_exact_unordered_ci,CtdcRuntime,DriftedAsFound,ReportsDifferent
4.2.0,map_value_swap_kind_nested,map_value,Nested,ctdc_rt_exact_unordered_ci,CtdcRuntime,BaselineAsFound,ReportsDifferent
4.2.0,map_value_swap_kind_nested,map_value,Nested,ctdc_rt_exact_ordered,CtdcRuntime,DriftedAsFound,ReportsDifferent
4.2.0,map_value_swap_kind_nested,map_value,Nested,ctdc_rt_exact_ordered,CtdcRuntime,BaselineAsFound,ReportsDifferent
4.2.0,map_value_swap_kind_nested,map_value,Nested,ctdc_rt_exact_by_position,CtdcRuntime,DriftedAsFound,ReportsDifferent
4.2.0,map_value_swap_kind_nested,map_value,Nested,ctdc_rt_exact_by_position,CtdcRuntime,BaselineAsFound,ReportsDifferent
4.2.0,map_value_swap_kind_nested,map_value,Nested,ctdc_rt_backward,CtdcRuntime,DriftedAsFound,ReportsDifferent
4.2.0,map_value_swap_kind_nested,map_value,Nested,ctdc_rt_backward,CtdcRuntime,BaselineAsFound,ReportsDifferent
4.2.0,map_value_swap_kind_nested,map_value,Nested,ctdc_rt_forward,CtdcRuntime,DriftedAsFound,ReportsDifferent
4.2.0,map_value_swap_kind_nested,map_value,Nested,ctdc_rt_forward,CtdcRuntime,BaselineAsFound,ReportsDifferent
4.2.0,map_value_swap_kind_nested,map_value,Nested,ctdc_engine_exact,CtdcPolicyEngine,DriftedAsFound,ReportsDifferent
4.2.0,map_value_swap_kind_nested,map_value,Nested,ctdc_engine_exact,CtdcPolicyEngine,BaselineAsFound,ReportsDifferent
4.2.0,map_value_swap_kind_nested,map_value,Nested,ctdc_engine_exact_unordered_ci,CtdcPolicyEngine,DriftedAsFound,ReportsDifferent
4.2.0,map_value_swap_kind_nested,map_value,Nested,ctdc_engine_exact_unordered_ci,CtdcPolicyEngine,BaselineAsFound,ReportsDifferent
4.2.0,map_value_swap_kind_nested,map_value,Nested,ctdc_engine_exact_ordered,CtdcPolicyEngine,DriftedAsFound,ReportsDifferent
4.2.0,map_value_swap_kind_nested,map_value,Nested,ctdc_engine_exact_ordered,CtdcPolicyEngine,BaselineAsFound,ReportsDifferent
4.2.0,map_value_swap_kind_nested,map_value,Nested,ctdc_engine_exact_by_position,CtdcPolicyEngine,DriftedAsFound,ReportsDifferent
4.2.0,map_value_swap_kind_nested,map_value,Nested,ctdc_engine_exact_by_position,CtdcPolicyEngine,BaselineAsFound,ReportsDifferent
4.2.0,map_value_swap_kind_nested,map_value,Nested,ctdc_engine_backward,CtdcPolicyEngine,DriftedAsFound,ReportsDifferent
4.2.0,map_value_swap_kind_nested,map_value,Nested,ctdc_engine_backward,CtdcPolicyEngine,BaselineAsFound,ReportsDifferent
4.2.0,map_value_swap_kind_nested,map_value,Nested,ctdc_engine_forward,CtdcPolicyEngine,DriftedAsFound,ReportsDifferent
4.2.0,map_value_swap_kind_nested,map_value,Nested,ctdc_engine_forward,CtdcPolicyEngine,BaselineAsFound,ReportsDifferent
4.2.0,map_value_swap_kind_nested,map_value,Nested,avro_reader_writer_resolution,AvroResolution,DriftedAsFound,ReportsDifferent
4.2.0,map_value_swap_kind_nested,map_value,Nested,avro_reader_writer_resolution,AvroResolution,BaselineAsFound,ReportsDifferent
4.2.0,reloc_field_nullable_to_array_contains_null_root,optionality_relocation,Root,spark_equals,Spark,DriftedAsFound,ReportsDifferent
4.2.0,reloc_field_nullable_to_array_contains_null_root,optionality_relocation,Root,spark_equals,Spark,BaselineAsFound,ReportsDifferent
4.2.0,reloc_field_nullable_to_array_contains_null_root,optionality_relocation,Root,spark_same_type,Spark,DriftedAsFound,ReportsEqual
4.2.0,reloc_field_nullable_to_array_contains_null_root,optionality_relocation,Root,spark_same_type,Spark,BaselineAsFound,ReportsEqual
4.2.0,reloc_field_nullable_to_array_contains_null_root,optionality_relocation,Root,spark_equals_ignore_nullability,Spark,DriftedAsFound,ReportsEqual
4.2.0,reloc_field_nullable_to_array_contains_null_root,optionality_relocation,Root,spark_equals_ignore_nullability,Spark,BaselineAsFound,ReportsEqual
4.2.0,reloc_field_nullable_to_array_contains_null_root,optionality_relocation,Root,spark_equals_ignore_case_and_nullability,Spark,DriftedAsFound,ReportsEqual
4.2.0,reloc_field_nullable_to_array_contains_null_root,optionality_relocation,Root,spark_equals_ignore_case_and_nullability,Spark,BaselineAsFound,ReportsEqual
4.2.0,reloc_field_nullable_to_array_contains_null_root,optionality_relocation,Root,spark_equals_ignore_compatible_nullability,Spark,DriftedAsFound,ReportsDifferent
4.2.0,reloc_field_nullable_to_array_contains_null_root,optionality_relocation,Root,spark_equals_ignore_compatible_nullability,Spark,BaselineAsFound,ReportsDifferent
4.2.0,reloc_field_nullable_to_array_contains_null_root,optionality_relocation,Root,spark_equals_ignore_name_and_compatible_nullability,Spark,DriftedAsFound,ReportsDifferent
4.2.0,reloc_field_nullable_to_array_contains_null_root,optionality_relocation,Root,spark_equals_ignore_name_and_compatible_nullability,Spark,BaselineAsFound,ReportsDifferent
4.2.0,reloc_field_nullable_to_array_contains_null_root,optionality_relocation,Root,spark_equals_structurally_strict,Spark,DriftedAsFound,ReportsDifferent
4.2.0,reloc_field_nullable_to_array_contains_null_root,optionality_relocation,Root,spark_equals_structurally_strict,Spark,BaselineAsFound,ReportsDifferent
4.2.0,reloc_field_nullable_to_array_contains_null_root,optionality_relocation,Root,spark_equals_structurally_ignore_nullability,Spark,DriftedAsFound,ReportsEqual
4.2.0,reloc_field_nullable_to_array_contains_null_root,optionality_relocation,Root,spark_equals_structurally_ignore_nullability,Spark,BaselineAsFound,ReportsEqual
4.2.0,reloc_field_nullable_to_array_contains_null_root,optionality_relocation,Root,spark_equals_structurally_by_name_cs,Spark,DriftedAsFound,ReportsEqual
4.2.0,reloc_field_nullable_to_array_contains_null_root,optionality_relocation,Root,spark_equals_structurally_by_name_cs,Spark,BaselineAsFound,ReportsEqual
4.2.0,reloc_field_nullable_to_array_contains_null_root,optionality_relocation,Root,spark_equals_structurally_by_name_ci,Spark,DriftedAsFound,ReportsEqual
4.2.0,reloc_field_nullable_to_array_contains_null_root,optionality_relocation,Root,spark_equals_structurally_by_name_ci,Spark,BaselineAsFound,ReportsEqual
4.2.0,reloc_field_nullable_to_array_contains_null_root,optionality_relocation,Root,ctdc_rt_exact,CtdcRuntime,DriftedAsFound,ReportsEqual
4.2.0,reloc_field_nullable_to_array_contains_null_root,optionality_relocation,Root,ctdc_rt_exact,CtdcRuntime,BaselineAsFound,ReportsEqual
4.2.0,reloc_field_nullable_to_array_contains_null_root,optionality_relocation,Root,ctdc_rt_exact_unordered_ci,CtdcRuntime,DriftedAsFound,ReportsEqual
4.2.0,reloc_field_nullable_to_array_contains_null_root,optionality_relocation,Root,ctdc_rt_exact_unordered_ci,CtdcRuntime,BaselineAsFound,ReportsEqual
4.2.0,reloc_field_nullable_to_array_contains_null_root,optionality_relocation,Root,ctdc_rt_exact_ordered,CtdcRuntime,DriftedAsFound,ReportsEqual
4.2.0,reloc_field_nullable_to_array_contains_null_root,optionality_relocation,Root,ctdc_rt_exact_ordered,CtdcRuntime,BaselineAsFound,ReportsEqual
4.2.0,reloc_field_nullable_to_array_contains_null_root,optionality_relocation,Root,ctdc_rt_exact_by_position,CtdcRuntime,DriftedAsFound,ReportsEqual
4.2.0,reloc_field_nullable_to_array_contains_null_root,optionality_relocation,Root,ctdc_rt_exact_by_position,CtdcRuntime,BaselineAsFound,ReportsEqual
4.2.0,reloc_field_nullable_to_array_contains_null_root,optionality_relocation,Root,ctdc_rt_backward,CtdcRuntime,DriftedAsFound,ReportsEqual
4.2.0,reloc_field_nullable_to_array_contains_null_root,optionality_relocation,Root,ctdc_rt_backward,CtdcRuntime,BaselineAsFound,ReportsEqual
4.2.0,reloc_field_nullable_to_array_contains_null_root,optionality_relocation,Root,ctdc_rt_forward,CtdcRuntime,DriftedAsFound,ReportsEqual
4.2.0,reloc_field_nullable_to_array_contains_null_root,optionality_relocation,Root,ctdc_rt_forward,CtdcRuntime,BaselineAsFound,ReportsEqual
4.2.0,reloc_field_nullable_to_array_contains_null_root,optionality_relocation,Root,ctdc_engine_exact,CtdcPolicyEngine,DriftedAsFound,ReportsDifferent
4.2.0,reloc_field_nullable_to_array_contains_null_root,optionality_relocation,Root,ctdc_engine_exact,CtdcPolicyEngine,BaselineAsFound,ReportsDifferent
4.2.0,reloc_field_nullable_to_array_contains_null_root,optionality_relocation,Root,ctdc_engine_exact_unordered_ci,CtdcPolicyEngine,DriftedAsFound,ReportsDifferent
4.2.0,reloc_field_nullable_to_array_contains_null_root,optionality_relocation,Root,ctdc_engine_exact_unordered_ci,CtdcPolicyEngine,BaselineAsFound,ReportsDifferent
4.2.0,reloc_field_nullable_to_array_contains_null_root,optionality_relocation,Root,ctdc_engine_exact_ordered,CtdcPolicyEngine,DriftedAsFound,ReportsDifferent
4.2.0,reloc_field_nullable_to_array_contains_null_root,optionality_relocation,Root,ctdc_engine_exact_ordered,CtdcPolicyEngine,BaselineAsFound,ReportsDifferent
4.2.0,reloc_field_nullable_to_array_contains_null_root,optionality_relocation,Root,ctdc_engine_exact_by_position,CtdcPolicyEngine,DriftedAsFound,ReportsDifferent
4.2.0,reloc_field_nullable_to_array_contains_null_root,optionality_relocation,Root,ctdc_engine_exact_by_position,CtdcPolicyEngine,BaselineAsFound,ReportsDifferent
4.2.0,reloc_field_nullable_to_array_contains_null_root,optionality_relocation,Root,ctdc_engine_backward,CtdcPolicyEngine,DriftedAsFound,ReportsDifferent
4.2.0,reloc_field_nullable_to_array_contains_null_root,optionality_relocation,Root,ctdc_engine_backward,CtdcPolicyEngine,BaselineAsFound,ReportsDifferent
4.2.0,reloc_field_nullable_to_array_contains_null_root,optionality_relocation,Root,ctdc_engine_forward,CtdcPolicyEngine,DriftedAsFound,ReportsDifferent
4.2.0,reloc_field_nullable_to_array_contains_null_root,optionality_relocation,Root,ctdc_engine_forward,CtdcPolicyEngine,BaselineAsFound,ReportsDifferent
4.2.0,reloc_field_nullable_to_array_contains_null_root,optionality_relocation,Root,avro_reader_writer_resolution,AvroResolution,DriftedAsFound,ReportsDifferent
4.2.0,reloc_field_nullable_to_array_contains_null_root,optionality_relocation,Root,avro_reader_writer_resolution,AvroResolution,BaselineAsFound,ReportsDifferent
4.2.0,reloc_field_nullable_to_array_contains_null_nested,optionality_relocation,Nested,spark_equals,Spark,DriftedAsFound,ReportsDifferent
4.2.0,reloc_field_nullable_to_array_contains_null_nested,optionality_relocation,Nested,spark_equals,Spark,BaselineAsFound,ReportsDifferent
4.2.0,reloc_field_nullable_to_array_contains_null_nested,optionality_relocation,Nested,spark_same_type,Spark,DriftedAsFound,ReportsEqual
4.2.0,reloc_field_nullable_to_array_contains_null_nested,optionality_relocation,Nested,spark_same_type,Spark,BaselineAsFound,ReportsEqual
4.2.0,reloc_field_nullable_to_array_contains_null_nested,optionality_relocation,Nested,spark_equals_ignore_nullability,Spark,DriftedAsFound,ReportsEqual
4.2.0,reloc_field_nullable_to_array_contains_null_nested,optionality_relocation,Nested,spark_equals_ignore_nullability,Spark,BaselineAsFound,ReportsEqual
4.2.0,reloc_field_nullable_to_array_contains_null_nested,optionality_relocation,Nested,spark_equals_ignore_case_and_nullability,Spark,DriftedAsFound,ReportsEqual
4.2.0,reloc_field_nullable_to_array_contains_null_nested,optionality_relocation,Nested,spark_equals_ignore_case_and_nullability,Spark,BaselineAsFound,ReportsEqual
4.2.0,reloc_field_nullable_to_array_contains_null_nested,optionality_relocation,Nested,spark_equals_ignore_compatible_nullability,Spark,DriftedAsFound,ReportsDifferent
4.2.0,reloc_field_nullable_to_array_contains_null_nested,optionality_relocation,Nested,spark_equals_ignore_compatible_nullability,Spark,BaselineAsFound,ReportsDifferent
4.2.0,reloc_field_nullable_to_array_contains_null_nested,optionality_relocation,Nested,spark_equals_ignore_name_and_compatible_nullability,Spark,DriftedAsFound,ReportsDifferent
4.2.0,reloc_field_nullable_to_array_contains_null_nested,optionality_relocation,Nested,spark_equals_ignore_name_and_compatible_nullability,Spark,BaselineAsFound,ReportsDifferent
4.2.0,reloc_field_nullable_to_array_contains_null_nested,optionality_relocation,Nested,spark_equals_structurally_strict,Spark,DriftedAsFound,ReportsDifferent
4.2.0,reloc_field_nullable_to_array_contains_null_nested,optionality_relocation,Nested,spark_equals_structurally_strict,Spark,BaselineAsFound,ReportsDifferent
4.2.0,reloc_field_nullable_to_array_contains_null_nested,optionality_relocation,Nested,spark_equals_structurally_ignore_nullability,Spark,DriftedAsFound,ReportsEqual
4.2.0,reloc_field_nullable_to_array_contains_null_nested,optionality_relocation,Nested,spark_equals_structurally_ignore_nullability,Spark,BaselineAsFound,ReportsEqual
4.2.0,reloc_field_nullable_to_array_contains_null_nested,optionality_relocation,Nested,spark_equals_structurally_by_name_cs,Spark,DriftedAsFound,ReportsEqual
4.2.0,reloc_field_nullable_to_array_contains_null_nested,optionality_relocation,Nested,spark_equals_structurally_by_name_cs,Spark,BaselineAsFound,ReportsEqual
4.2.0,reloc_field_nullable_to_array_contains_null_nested,optionality_relocation,Nested,spark_equals_structurally_by_name_ci,Spark,DriftedAsFound,ReportsEqual
4.2.0,reloc_field_nullable_to_array_contains_null_nested,optionality_relocation,Nested,spark_equals_structurally_by_name_ci,Spark,BaselineAsFound,ReportsEqual
4.2.0,reloc_field_nullable_to_array_contains_null_nested,optionality_relocation,Nested,ctdc_rt_exact,CtdcRuntime,DriftedAsFound,ReportsEqual
4.2.0,reloc_field_nullable_to_array_contains_null_nested,optionality_relocation,Nested,ctdc_rt_exact,CtdcRuntime,BaselineAsFound,ReportsEqual
4.2.0,reloc_field_nullable_to_array_contains_null_nested,optionality_relocation,Nested,ctdc_rt_exact_unordered_ci,CtdcRuntime,DriftedAsFound,ReportsEqual
4.2.0,reloc_field_nullable_to_array_contains_null_nested,optionality_relocation,Nested,ctdc_rt_exact_unordered_ci,CtdcRuntime,BaselineAsFound,ReportsEqual
4.2.0,reloc_field_nullable_to_array_contains_null_nested,optionality_relocation,Nested,ctdc_rt_exact_ordered,CtdcRuntime,DriftedAsFound,ReportsEqual
4.2.0,reloc_field_nullable_to_array_contains_null_nested,optionality_relocation,Nested,ctdc_rt_exact_ordered,CtdcRuntime,BaselineAsFound,ReportsEqual
4.2.0,reloc_field_nullable_to_array_contains_null_nested,optionality_relocation,Nested,ctdc_rt_exact_by_position,CtdcRuntime,DriftedAsFound,ReportsEqual
4.2.0,reloc_field_nullable_to_array_contains_null_nested,optionality_relocation,Nested,ctdc_rt_exact_by_position,CtdcRuntime,BaselineAsFound,ReportsEqual
4.2.0,reloc_field_nullable_to_array_contains_null_nested,optionality_relocation,Nested,ctdc_rt_backward,CtdcRuntime,DriftedAsFound,ReportsEqual
4.2.0,reloc_field_nullable_to_array_contains_null_nested,optionality_relocation,Nested,ctdc_rt_backward,CtdcRuntime,BaselineAsFound,ReportsEqual
4.2.0,reloc_field_nullable_to_array_contains_null_nested,optionality_relocation,Nested,ctdc_rt_forward,CtdcRuntime,DriftedAsFound,ReportsEqual
4.2.0,reloc_field_nullable_to_array_contains_null_nested,optionality_relocation,Nested,ctdc_rt_forward,CtdcRuntime,BaselineAsFound,ReportsEqual
4.2.0,reloc_field_nullable_to_array_contains_null_nested,optionality_relocation,Nested,ctdc_engine_exact,CtdcPolicyEngine,DriftedAsFound,ReportsDifferent
4.2.0,reloc_field_nullable_to_array_contains_null_nested,optionality_relocation,Nested,ctdc_engine_exact,CtdcPolicyEngine,BaselineAsFound,ReportsDifferent
4.2.0,reloc_field_nullable_to_array_contains_null_nested,optionality_relocation,Nested,ctdc_engine_exact_unordered_ci,CtdcPolicyEngine,DriftedAsFound,ReportsDifferent
4.2.0,reloc_field_nullable_to_array_contains_null_nested,optionality_relocation,Nested,ctdc_engine_exact_unordered_ci,CtdcPolicyEngine,BaselineAsFound,ReportsDifferent
4.2.0,reloc_field_nullable_to_array_contains_null_nested,optionality_relocation,Nested,ctdc_engine_exact_ordered,CtdcPolicyEngine,DriftedAsFound,ReportsDifferent
4.2.0,reloc_field_nullable_to_array_contains_null_nested,optionality_relocation,Nested,ctdc_engine_exact_ordered,CtdcPolicyEngine,BaselineAsFound,ReportsDifferent
4.2.0,reloc_field_nullable_to_array_contains_null_nested,optionality_relocation,Nested,ctdc_engine_exact_by_position,CtdcPolicyEngine,DriftedAsFound,ReportsDifferent
4.2.0,reloc_field_nullable_to_array_contains_null_nested,optionality_relocation,Nested,ctdc_engine_exact_by_position,CtdcPolicyEngine,BaselineAsFound,ReportsDifferent
4.2.0,reloc_field_nullable_to_array_contains_null_nested,optionality_relocation,Nested,ctdc_engine_backward,CtdcPolicyEngine,DriftedAsFound,ReportsDifferent
4.2.0,reloc_field_nullable_to_array_contains_null_nested,optionality_relocation,Nested,ctdc_engine_backward,CtdcPolicyEngine,BaselineAsFound,ReportsDifferent
4.2.0,reloc_field_nullable_to_array_contains_null_nested,optionality_relocation,Nested,ctdc_engine_forward,CtdcPolicyEngine,DriftedAsFound,ReportsDifferent
4.2.0,reloc_field_nullable_to_array_contains_null_nested,optionality_relocation,Nested,ctdc_engine_forward,CtdcPolicyEngine,BaselineAsFound,ReportsDifferent
4.2.0,reloc_field_nullable_to_array_contains_null_nested,optionality_relocation,Nested,avro_reader_writer_resolution,AvroResolution,DriftedAsFound,ReportsDifferent
4.2.0,reloc_field_nullable_to_array_contains_null_nested,optionality_relocation,Nested,avro_reader_writer_resolution,AvroResolution,BaselineAsFound,ReportsDifferent
4.2.0,reloc_field_nullable_to_map_value_contains_null_root,optionality_relocation,Root,spark_equals,Spark,DriftedAsFound,ReportsDifferent
4.2.0,reloc_field_nullable_to_map_value_contains_null_root,optionality_relocation,Root,spark_equals,Spark,BaselineAsFound,ReportsDifferent
4.2.0,reloc_field_nullable_to_map_value_contains_null_root,optionality_relocation,Root,spark_same_type,Spark,DriftedAsFound,ReportsEqual
4.2.0,reloc_field_nullable_to_map_value_contains_null_root,optionality_relocation,Root,spark_same_type,Spark,BaselineAsFound,ReportsEqual
4.2.0,reloc_field_nullable_to_map_value_contains_null_root,optionality_relocation,Root,spark_equals_ignore_nullability,Spark,DriftedAsFound,ReportsEqual
4.2.0,reloc_field_nullable_to_map_value_contains_null_root,optionality_relocation,Root,spark_equals_ignore_nullability,Spark,BaselineAsFound,ReportsEqual
4.2.0,reloc_field_nullable_to_map_value_contains_null_root,optionality_relocation,Root,spark_equals_ignore_case_and_nullability,Spark,DriftedAsFound,ReportsEqual
4.2.0,reloc_field_nullable_to_map_value_contains_null_root,optionality_relocation,Root,spark_equals_ignore_case_and_nullability,Spark,BaselineAsFound,ReportsEqual
4.2.0,reloc_field_nullable_to_map_value_contains_null_root,optionality_relocation,Root,spark_equals_ignore_compatible_nullability,Spark,DriftedAsFound,ReportsDifferent
4.2.0,reloc_field_nullable_to_map_value_contains_null_root,optionality_relocation,Root,spark_equals_ignore_compatible_nullability,Spark,BaselineAsFound,ReportsDifferent
4.2.0,reloc_field_nullable_to_map_value_contains_null_root,optionality_relocation,Root,spark_equals_ignore_name_and_compatible_nullability,Spark,DriftedAsFound,ReportsDifferent
4.2.0,reloc_field_nullable_to_map_value_contains_null_root,optionality_relocation,Root,spark_equals_ignore_name_and_compatible_nullability,Spark,BaselineAsFound,ReportsDifferent
4.2.0,reloc_field_nullable_to_map_value_contains_null_root,optionality_relocation,Root,spark_equals_structurally_strict,Spark,DriftedAsFound,ReportsDifferent
4.2.0,reloc_field_nullable_to_map_value_contains_null_root,optionality_relocation,Root,spark_equals_structurally_strict,Spark,BaselineAsFound,ReportsDifferent
4.2.0,reloc_field_nullable_to_map_value_contains_null_root,optionality_relocation,Root,spark_equals_structurally_ignore_nullability,Spark,DriftedAsFound,ReportsEqual
4.2.0,reloc_field_nullable_to_map_value_contains_null_root,optionality_relocation,Root,spark_equals_structurally_ignore_nullability,Spark,BaselineAsFound,ReportsEqual
4.2.0,reloc_field_nullable_to_map_value_contains_null_root,optionality_relocation,Root,spark_equals_structurally_by_name_cs,Spark,DriftedAsFound,ReportsEqual
4.2.0,reloc_field_nullable_to_map_value_contains_null_root,optionality_relocation,Root,spark_equals_structurally_by_name_cs,Spark,BaselineAsFound,ReportsEqual
4.2.0,reloc_field_nullable_to_map_value_contains_null_root,optionality_relocation,Root,spark_equals_structurally_by_name_ci,Spark,DriftedAsFound,ReportsEqual
4.2.0,reloc_field_nullable_to_map_value_contains_null_root,optionality_relocation,Root,spark_equals_structurally_by_name_ci,Spark,BaselineAsFound,ReportsEqual
4.2.0,reloc_field_nullable_to_map_value_contains_null_root,optionality_relocation,Root,ctdc_rt_exact,CtdcRuntime,DriftedAsFound,ReportsEqual
4.2.0,reloc_field_nullable_to_map_value_contains_null_root,optionality_relocation,Root,ctdc_rt_exact,CtdcRuntime,BaselineAsFound,ReportsEqual
4.2.0,reloc_field_nullable_to_map_value_contains_null_root,optionality_relocation,Root,ctdc_rt_exact_unordered_ci,CtdcRuntime,DriftedAsFound,ReportsEqual
4.2.0,reloc_field_nullable_to_map_value_contains_null_root,optionality_relocation,Root,ctdc_rt_exact_unordered_ci,CtdcRuntime,BaselineAsFound,ReportsEqual
4.2.0,reloc_field_nullable_to_map_value_contains_null_root,optionality_relocation,Root,ctdc_rt_exact_ordered,CtdcRuntime,DriftedAsFound,ReportsEqual
4.2.0,reloc_field_nullable_to_map_value_contains_null_root,optionality_relocation,Root,ctdc_rt_exact_ordered,CtdcRuntime,BaselineAsFound,ReportsEqual
4.2.0,reloc_field_nullable_to_map_value_contains_null_root,optionality_relocation,Root,ctdc_rt_exact_by_position,CtdcRuntime,DriftedAsFound,ReportsEqual
4.2.0,reloc_field_nullable_to_map_value_contains_null_root,optionality_relocation,Root,ctdc_rt_exact_by_position,CtdcRuntime,BaselineAsFound,ReportsEqual
4.2.0,reloc_field_nullable_to_map_value_contains_null_root,optionality_relocation,Root,ctdc_rt_backward,CtdcRuntime,DriftedAsFound,ReportsEqual
4.2.0,reloc_field_nullable_to_map_value_contains_null_root,optionality_relocation,Root,ctdc_rt_backward,CtdcRuntime,BaselineAsFound,ReportsEqual
4.2.0,reloc_field_nullable_to_map_value_contains_null_root,optionality_relocation,Root,ctdc_rt_forward,CtdcRuntime,DriftedAsFound,ReportsEqual
4.2.0,reloc_field_nullable_to_map_value_contains_null_root,optionality_relocation,Root,ctdc_rt_forward,CtdcRuntime,BaselineAsFound,ReportsEqual
4.2.0,reloc_field_nullable_to_map_value_contains_null_root,optionality_relocation,Root,ctdc_engine_exact,CtdcPolicyEngine,DriftedAsFound,ReportsDifferent
4.2.0,reloc_field_nullable_to_map_value_contains_null_root,optionality_relocation,Root,ctdc_engine_exact,CtdcPolicyEngine,BaselineAsFound,ReportsDifferent
4.2.0,reloc_field_nullable_to_map_value_contains_null_root,optionality_relocation,Root,ctdc_engine_exact_unordered_ci,CtdcPolicyEngine,DriftedAsFound,ReportsDifferent
4.2.0,reloc_field_nullable_to_map_value_contains_null_root,optionality_relocation,Root,ctdc_engine_exact_unordered_ci,CtdcPolicyEngine,BaselineAsFound,ReportsDifferent
4.2.0,reloc_field_nullable_to_map_value_contains_null_root,optionality_relocation,Root,ctdc_engine_exact_ordered,CtdcPolicyEngine,DriftedAsFound,ReportsDifferent
4.2.0,reloc_field_nullable_to_map_value_contains_null_root,optionality_relocation,Root,ctdc_engine_exact_ordered,CtdcPolicyEngine,BaselineAsFound,ReportsDifferent
4.2.0,reloc_field_nullable_to_map_value_contains_null_root,optionality_relocation,Root,ctdc_engine_exact_by_position,CtdcPolicyEngine,DriftedAsFound,ReportsDifferent
4.2.0,reloc_field_nullable_to_map_value_contains_null_root,optionality_relocation,Root,ctdc_engine_exact_by_position,CtdcPolicyEngine,BaselineAsFound,ReportsDifferent
4.2.0,reloc_field_nullable_to_map_value_contains_null_root,optionality_relocation,Root,ctdc_engine_backward,CtdcPolicyEngine,DriftedAsFound,ReportsDifferent
4.2.0,reloc_field_nullable_to_map_value_contains_null_root,optionality_relocation,Root,ctdc_engine_backward,CtdcPolicyEngine,BaselineAsFound,ReportsDifferent
4.2.0,reloc_field_nullable_to_map_value_contains_null_root,optionality_relocation,Root,ctdc_engine_forward,CtdcPolicyEngine,DriftedAsFound,ReportsDifferent
4.2.0,reloc_field_nullable_to_map_value_contains_null_root,optionality_relocation,Root,ctdc_engine_forward,CtdcPolicyEngine,BaselineAsFound,ReportsDifferent
4.2.0,reloc_field_nullable_to_map_value_contains_null_root,optionality_relocation,Root,avro_reader_writer_resolution,AvroResolution,DriftedAsFound,ReportsDifferent
4.2.0,reloc_field_nullable_to_map_value_contains_null_root,optionality_relocation,Root,avro_reader_writer_resolution,AvroResolution,BaselineAsFound,ReportsDifferent
4.2.0,reloc_field_nullable_to_map_value_contains_null_nested,optionality_relocation,Nested,spark_equals,Spark,DriftedAsFound,ReportsDifferent
4.2.0,reloc_field_nullable_to_map_value_contains_null_nested,optionality_relocation,Nested,spark_equals,Spark,BaselineAsFound,ReportsDifferent
4.2.0,reloc_field_nullable_to_map_value_contains_null_nested,optionality_relocation,Nested,spark_same_type,Spark,DriftedAsFound,ReportsEqual
4.2.0,reloc_field_nullable_to_map_value_contains_null_nested,optionality_relocation,Nested,spark_same_type,Spark,BaselineAsFound,ReportsEqual
4.2.0,reloc_field_nullable_to_map_value_contains_null_nested,optionality_relocation,Nested,spark_equals_ignore_nullability,Spark,DriftedAsFound,ReportsEqual
4.2.0,reloc_field_nullable_to_map_value_contains_null_nested,optionality_relocation,Nested,spark_equals_ignore_nullability,Spark,BaselineAsFound,ReportsEqual
4.2.0,reloc_field_nullable_to_map_value_contains_null_nested,optionality_relocation,Nested,spark_equals_ignore_case_and_nullability,Spark,DriftedAsFound,ReportsEqual
4.2.0,reloc_field_nullable_to_map_value_contains_null_nested,optionality_relocation,Nested,spark_equals_ignore_case_and_nullability,Spark,BaselineAsFound,ReportsEqual
4.2.0,reloc_field_nullable_to_map_value_contains_null_nested,optionality_relocation,Nested,spark_equals_ignore_compatible_nullability,Spark,DriftedAsFound,ReportsDifferent
4.2.0,reloc_field_nullable_to_map_value_contains_null_nested,optionality_relocation,Nested,spark_equals_ignore_compatible_nullability,Spark,BaselineAsFound,ReportsDifferent
4.2.0,reloc_field_nullable_to_map_value_contains_null_nested,optionality_relocation,Nested,spark_equals_ignore_name_and_compatible_nullability,Spark,DriftedAsFound,ReportsDifferent
4.2.0,reloc_field_nullable_to_map_value_contains_null_nested,optionality_relocation,Nested,spark_equals_ignore_name_and_compatible_nullability,Spark,BaselineAsFound,ReportsDifferent
4.2.0,reloc_field_nullable_to_map_value_contains_null_nested,optionality_relocation,Nested,spark_equals_structurally_strict,Spark,DriftedAsFound,ReportsDifferent
4.2.0,reloc_field_nullable_to_map_value_contains_null_nested,optionality_relocation,Nested,spark_equals_structurally_strict,Spark,BaselineAsFound,ReportsDifferent
4.2.0,reloc_field_nullable_to_map_value_contains_null_nested,optionality_relocation,Nested,spark_equals_structurally_ignore_nullability,Spark,DriftedAsFound,ReportsEqual
4.2.0,reloc_field_nullable_to_map_value_contains_null_nested,optionality_relocation,Nested,spark_equals_structurally_ignore_nullability,Spark,BaselineAsFound,ReportsEqual
4.2.0,reloc_field_nullable_to_map_value_contains_null_nested,optionality_relocation,Nested,spark_equals_structurally_by_name_cs,Spark,DriftedAsFound,ReportsEqual
4.2.0,reloc_field_nullable_to_map_value_contains_null_nested,optionality_relocation,Nested,spark_equals_structurally_by_name_cs,Spark,BaselineAsFound,ReportsEqual
4.2.0,reloc_field_nullable_to_map_value_contains_null_nested,optionality_relocation,Nested,spark_equals_structurally_by_name_ci,Spark,DriftedAsFound,ReportsEqual
4.2.0,reloc_field_nullable_to_map_value_contains_null_nested,optionality_relocation,Nested,spark_equals_structurally_by_name_ci,Spark,BaselineAsFound,ReportsEqual
4.2.0,reloc_field_nullable_to_map_value_contains_null_nested,optionality_relocation,Nested,ctdc_rt_exact,CtdcRuntime,DriftedAsFound,ReportsEqual
4.2.0,reloc_field_nullable_to_map_value_contains_null_nested,optionality_relocation,Nested,ctdc_rt_exact,CtdcRuntime,BaselineAsFound,ReportsEqual
4.2.0,reloc_field_nullable_to_map_value_contains_null_nested,optionality_relocation,Nested,ctdc_rt_exact_unordered_ci,CtdcRuntime,DriftedAsFound,ReportsEqual
4.2.0,reloc_field_nullable_to_map_value_contains_null_nested,optionality_relocation,Nested,ctdc_rt_exact_unordered_ci,CtdcRuntime,BaselineAsFound,ReportsEqual
4.2.0,reloc_field_nullable_to_map_value_contains_null_nested,optionality_relocation,Nested,ctdc_rt_exact_ordered,CtdcRuntime,DriftedAsFound,ReportsEqual
4.2.0,reloc_field_nullable_to_map_value_contains_null_nested,optionality_relocation,Nested,ctdc_rt_exact_ordered,CtdcRuntime,BaselineAsFound,ReportsEqual
4.2.0,reloc_field_nullable_to_map_value_contains_null_nested,optionality_relocation,Nested,ctdc_rt_exact_by_position,CtdcRuntime,DriftedAsFound,ReportsEqual
4.2.0,reloc_field_nullable_to_map_value_contains_null_nested,optionality_relocation,Nested,ctdc_rt_exact_by_position,CtdcRuntime,BaselineAsFound,ReportsEqual
4.2.0,reloc_field_nullable_to_map_value_contains_null_nested,optionality_relocation,Nested,ctdc_rt_backward,CtdcRuntime,DriftedAsFound,ReportsEqual
4.2.0,reloc_field_nullable_to_map_value_contains_null_nested,optionality_relocation,Nested,ctdc_rt_backward,CtdcRuntime,BaselineAsFound,ReportsEqual
4.2.0,reloc_field_nullable_to_map_value_contains_null_nested,optionality_relocation,Nested,ctdc_rt_forward,CtdcRuntime,DriftedAsFound,ReportsEqual
4.2.0,reloc_field_nullable_to_map_value_contains_null_nested,optionality_relocation,Nested,ctdc_rt_forward,CtdcRuntime,BaselineAsFound,ReportsEqual
4.2.0,reloc_field_nullable_to_map_value_contains_null_nested,optionality_relocation,Nested,ctdc_engine_exact,CtdcPolicyEngine,DriftedAsFound,ReportsDifferent
4.2.0,reloc_field_nullable_to_map_value_contains_null_nested,optionality_relocation,Nested,ctdc_engine_exact,CtdcPolicyEngine,BaselineAsFound,ReportsDifferent
4.2.0,reloc_field_nullable_to_map_value_contains_null_nested,optionality_relocation,Nested,ctdc_engine_exact_unordered_ci,CtdcPolicyEngine,DriftedAsFound,ReportsDifferent
4.2.0,reloc_field_nullable_to_map_value_contains_null_nested,optionality_relocation,Nested,ctdc_engine_exact_unordered_ci,CtdcPolicyEngine,BaselineAsFound,ReportsDifferent
4.2.0,reloc_field_nullable_to_map_value_contains_null_nested,optionality_relocation,Nested,ctdc_engine_exact_ordered,CtdcPolicyEngine,DriftedAsFound,ReportsDifferent
4.2.0,reloc_field_nullable_to_map_value_contains_null_nested,optionality_relocation,Nested,ctdc_engine_exact_ordered,CtdcPolicyEngine,BaselineAsFound,ReportsDifferent
4.2.0,reloc_field_nullable_to_map_value_contains_null_nested,optionality_relocation,Nested,ctdc_engine_exact_by_position,CtdcPolicyEngine,DriftedAsFound,ReportsDifferent
4.2.0,reloc_field_nullable_to_map_value_contains_null_nested,optionality_relocation,Nested,ctdc_engine_exact_by_position,CtdcPolicyEngine,BaselineAsFound,ReportsDifferent
4.2.0,reloc_field_nullable_to_map_value_contains_null_nested,optionality_relocation,Nested,ctdc_engine_backward,CtdcPolicyEngine,DriftedAsFound,ReportsDifferent
4.2.0,reloc_field_nullable_to_map_value_contains_null_nested,optionality_relocation,Nested,ctdc_engine_backward,CtdcPolicyEngine,BaselineAsFound,ReportsDifferent
4.2.0,reloc_field_nullable_to_map_value_contains_null_nested,optionality_relocation,Nested,ctdc_engine_forward,CtdcPolicyEngine,DriftedAsFound,ReportsDifferent
4.2.0,reloc_field_nullable_to_map_value_contains_null_nested,optionality_relocation,Nested,ctdc_engine_forward,CtdcPolicyEngine,BaselineAsFound,ReportsDifferent
4.2.0,reloc_field_nullable_to_map_value_contains_null_nested,optionality_relocation,Nested,avro_reader_writer_resolution,AvroResolution,DriftedAsFound,ReportsDifferent
4.2.0,reloc_field_nullable_to_map_value_contains_null_nested,optionality_relocation,Nested,avro_reader_writer_resolution,AvroResolution,BaselineAsFound,ReportsDifferent
4.2.0,reloc_array_contains_null_to_map_value_contains_null_root,optionality_relocation,Root,spark_equals,Spark,DriftedAsFound,ReportsDifferent
4.2.0,reloc_array_contains_null_to_map_value_contains_null_root,optionality_relocation,Root,spark_equals,Spark,BaselineAsFound,ReportsDifferent
4.2.0,reloc_array_contains_null_to_map_value_contains_null_root,optionality_relocation,Root,spark_same_type,Spark,DriftedAsFound,ReportsEqual
4.2.0,reloc_array_contains_null_to_map_value_contains_null_root,optionality_relocation,Root,spark_same_type,Spark,BaselineAsFound,ReportsEqual
4.2.0,reloc_array_contains_null_to_map_value_contains_null_root,optionality_relocation,Root,spark_equals_ignore_nullability,Spark,DriftedAsFound,ReportsEqual
4.2.0,reloc_array_contains_null_to_map_value_contains_null_root,optionality_relocation,Root,spark_equals_ignore_nullability,Spark,BaselineAsFound,ReportsEqual
4.2.0,reloc_array_contains_null_to_map_value_contains_null_root,optionality_relocation,Root,spark_equals_ignore_case_and_nullability,Spark,DriftedAsFound,ReportsEqual
4.2.0,reloc_array_contains_null_to_map_value_contains_null_root,optionality_relocation,Root,spark_equals_ignore_case_and_nullability,Spark,BaselineAsFound,ReportsEqual
4.2.0,reloc_array_contains_null_to_map_value_contains_null_root,optionality_relocation,Root,spark_equals_ignore_compatible_nullability,Spark,DriftedAsFound,ReportsDifferent
4.2.0,reloc_array_contains_null_to_map_value_contains_null_root,optionality_relocation,Root,spark_equals_ignore_compatible_nullability,Spark,BaselineAsFound,ReportsDifferent
4.2.0,reloc_array_contains_null_to_map_value_contains_null_root,optionality_relocation,Root,spark_equals_ignore_name_and_compatible_nullability,Spark,DriftedAsFound,ReportsDifferent
4.2.0,reloc_array_contains_null_to_map_value_contains_null_root,optionality_relocation,Root,spark_equals_ignore_name_and_compatible_nullability,Spark,BaselineAsFound,ReportsDifferent
4.2.0,reloc_array_contains_null_to_map_value_contains_null_root,optionality_relocation,Root,spark_equals_structurally_strict,Spark,DriftedAsFound,ReportsDifferent
4.2.0,reloc_array_contains_null_to_map_value_contains_null_root,optionality_relocation,Root,spark_equals_structurally_strict,Spark,BaselineAsFound,ReportsDifferent
4.2.0,reloc_array_contains_null_to_map_value_contains_null_root,optionality_relocation,Root,spark_equals_structurally_ignore_nullability,Spark,DriftedAsFound,ReportsEqual
4.2.0,reloc_array_contains_null_to_map_value_contains_null_root,optionality_relocation,Root,spark_equals_structurally_ignore_nullability,Spark,BaselineAsFound,ReportsEqual
4.2.0,reloc_array_contains_null_to_map_value_contains_null_root,optionality_relocation,Root,spark_equals_structurally_by_name_cs,Spark,DriftedAsFound,ReportsEqual
4.2.0,reloc_array_contains_null_to_map_value_contains_null_root,optionality_relocation,Root,spark_equals_structurally_by_name_cs,Spark,BaselineAsFound,ReportsEqual
4.2.0,reloc_array_contains_null_to_map_value_contains_null_root,optionality_relocation,Root,spark_equals_structurally_by_name_ci,Spark,DriftedAsFound,ReportsEqual
4.2.0,reloc_array_contains_null_to_map_value_contains_null_root,optionality_relocation,Root,spark_equals_structurally_by_name_ci,Spark,BaselineAsFound,ReportsEqual
4.2.0,reloc_array_contains_null_to_map_value_contains_null_root,optionality_relocation,Root,ctdc_rt_exact,CtdcRuntime,DriftedAsFound,ReportsEqual
4.2.0,reloc_array_contains_null_to_map_value_contains_null_root,optionality_relocation,Root,ctdc_rt_exact,CtdcRuntime,BaselineAsFound,ReportsEqual
4.2.0,reloc_array_contains_null_to_map_value_contains_null_root,optionality_relocation,Root,ctdc_rt_exact_unordered_ci,CtdcRuntime,DriftedAsFound,ReportsEqual
4.2.0,reloc_array_contains_null_to_map_value_contains_null_root,optionality_relocation,Root,ctdc_rt_exact_unordered_ci,CtdcRuntime,BaselineAsFound,ReportsEqual
4.2.0,reloc_array_contains_null_to_map_value_contains_null_root,optionality_relocation,Root,ctdc_rt_exact_ordered,CtdcRuntime,DriftedAsFound,ReportsEqual
4.2.0,reloc_array_contains_null_to_map_value_contains_null_root,optionality_relocation,Root,ctdc_rt_exact_ordered,CtdcRuntime,BaselineAsFound,ReportsEqual
4.2.0,reloc_array_contains_null_to_map_value_contains_null_root,optionality_relocation,Root,ctdc_rt_exact_by_position,CtdcRuntime,DriftedAsFound,ReportsEqual
4.2.0,reloc_array_contains_null_to_map_value_contains_null_root,optionality_relocation,Root,ctdc_rt_exact_by_position,CtdcRuntime,BaselineAsFound,ReportsEqual
4.2.0,reloc_array_contains_null_to_map_value_contains_null_root,optionality_relocation,Root,ctdc_rt_backward,CtdcRuntime,DriftedAsFound,ReportsEqual
4.2.0,reloc_array_contains_null_to_map_value_contains_null_root,optionality_relocation,Root,ctdc_rt_backward,CtdcRuntime,BaselineAsFound,ReportsEqual
4.2.0,reloc_array_contains_null_to_map_value_contains_null_root,optionality_relocation,Root,ctdc_rt_forward,CtdcRuntime,DriftedAsFound,ReportsEqual
4.2.0,reloc_array_contains_null_to_map_value_contains_null_root,optionality_relocation,Root,ctdc_rt_forward,CtdcRuntime,BaselineAsFound,ReportsEqual
4.2.0,reloc_array_contains_null_to_map_value_contains_null_root,optionality_relocation,Root,ctdc_engine_exact,CtdcPolicyEngine,DriftedAsFound,ReportsDifferent
4.2.0,reloc_array_contains_null_to_map_value_contains_null_root,optionality_relocation,Root,ctdc_engine_exact,CtdcPolicyEngine,BaselineAsFound,ReportsDifferent
4.2.0,reloc_array_contains_null_to_map_value_contains_null_root,optionality_relocation,Root,ctdc_engine_exact_unordered_ci,CtdcPolicyEngine,DriftedAsFound,ReportsDifferent
4.2.0,reloc_array_contains_null_to_map_value_contains_null_root,optionality_relocation,Root,ctdc_engine_exact_unordered_ci,CtdcPolicyEngine,BaselineAsFound,ReportsDifferent
4.2.0,reloc_array_contains_null_to_map_value_contains_null_root,optionality_relocation,Root,ctdc_engine_exact_ordered,CtdcPolicyEngine,DriftedAsFound,ReportsDifferent
4.2.0,reloc_array_contains_null_to_map_value_contains_null_root,optionality_relocation,Root,ctdc_engine_exact_ordered,CtdcPolicyEngine,BaselineAsFound,ReportsDifferent
4.2.0,reloc_array_contains_null_to_map_value_contains_null_root,optionality_relocation,Root,ctdc_engine_exact_by_position,CtdcPolicyEngine,DriftedAsFound,ReportsDifferent
4.2.0,reloc_array_contains_null_to_map_value_contains_null_root,optionality_relocation,Root,ctdc_engine_exact_by_position,CtdcPolicyEngine,BaselineAsFound,ReportsDifferent
4.2.0,reloc_array_contains_null_to_map_value_contains_null_root,optionality_relocation,Root,ctdc_engine_backward,CtdcPolicyEngine,DriftedAsFound,ReportsDifferent
4.2.0,reloc_array_contains_null_to_map_value_contains_null_root,optionality_relocation,Root,ctdc_engine_backward,CtdcPolicyEngine,BaselineAsFound,ReportsDifferent
4.2.0,reloc_array_contains_null_to_map_value_contains_null_root,optionality_relocation,Root,ctdc_engine_forward,CtdcPolicyEngine,DriftedAsFound,ReportsDifferent
4.2.0,reloc_array_contains_null_to_map_value_contains_null_root,optionality_relocation,Root,ctdc_engine_forward,CtdcPolicyEngine,BaselineAsFound,ReportsDifferent
4.2.0,reloc_array_contains_null_to_map_value_contains_null_root,optionality_relocation,Root,avro_reader_writer_resolution,AvroResolution,DriftedAsFound,ReportsDifferent
4.2.0,reloc_array_contains_null_to_map_value_contains_null_root,optionality_relocation,Root,avro_reader_writer_resolution,AvroResolution,BaselineAsFound,ReportsDifferent
4.2.0,reloc_array_contains_null_to_map_value_contains_null_nested,optionality_relocation,Nested,spark_equals,Spark,DriftedAsFound,ReportsDifferent
4.2.0,reloc_array_contains_null_to_map_value_contains_null_nested,optionality_relocation,Nested,spark_equals,Spark,BaselineAsFound,ReportsDifferent
4.2.0,reloc_array_contains_null_to_map_value_contains_null_nested,optionality_relocation,Nested,spark_same_type,Spark,DriftedAsFound,ReportsEqual
4.2.0,reloc_array_contains_null_to_map_value_contains_null_nested,optionality_relocation,Nested,spark_same_type,Spark,BaselineAsFound,ReportsEqual
4.2.0,reloc_array_contains_null_to_map_value_contains_null_nested,optionality_relocation,Nested,spark_equals_ignore_nullability,Spark,DriftedAsFound,ReportsEqual
4.2.0,reloc_array_contains_null_to_map_value_contains_null_nested,optionality_relocation,Nested,spark_equals_ignore_nullability,Spark,BaselineAsFound,ReportsEqual
4.2.0,reloc_array_contains_null_to_map_value_contains_null_nested,optionality_relocation,Nested,spark_equals_ignore_case_and_nullability,Spark,DriftedAsFound,ReportsEqual
4.2.0,reloc_array_contains_null_to_map_value_contains_null_nested,optionality_relocation,Nested,spark_equals_ignore_case_and_nullability,Spark,BaselineAsFound,ReportsEqual
4.2.0,reloc_array_contains_null_to_map_value_contains_null_nested,optionality_relocation,Nested,spark_equals_ignore_compatible_nullability,Spark,DriftedAsFound,ReportsDifferent
4.2.0,reloc_array_contains_null_to_map_value_contains_null_nested,optionality_relocation,Nested,spark_equals_ignore_compatible_nullability,Spark,BaselineAsFound,ReportsDifferent
4.2.0,reloc_array_contains_null_to_map_value_contains_null_nested,optionality_relocation,Nested,spark_equals_ignore_name_and_compatible_nullability,Spark,DriftedAsFound,ReportsDifferent
4.2.0,reloc_array_contains_null_to_map_value_contains_null_nested,optionality_relocation,Nested,spark_equals_ignore_name_and_compatible_nullability,Spark,BaselineAsFound,ReportsDifferent
4.2.0,reloc_array_contains_null_to_map_value_contains_null_nested,optionality_relocation,Nested,spark_equals_structurally_strict,Spark,DriftedAsFound,ReportsDifferent
4.2.0,reloc_array_contains_null_to_map_value_contains_null_nested,optionality_relocation,Nested,spark_equals_structurally_strict,Spark,BaselineAsFound,ReportsDifferent
4.2.0,reloc_array_contains_null_to_map_value_contains_null_nested,optionality_relocation,Nested,spark_equals_structurally_ignore_nullability,Spark,DriftedAsFound,ReportsEqual
4.2.0,reloc_array_contains_null_to_map_value_contains_null_nested,optionality_relocation,Nested,spark_equals_structurally_ignore_nullability,Spark,BaselineAsFound,ReportsEqual
4.2.0,reloc_array_contains_null_to_map_value_contains_null_nested,optionality_relocation,Nested,spark_equals_structurally_by_name_cs,Spark,DriftedAsFound,ReportsEqual
4.2.0,reloc_array_contains_null_to_map_value_contains_null_nested,optionality_relocation,Nested,spark_equals_structurally_by_name_cs,Spark,BaselineAsFound,ReportsEqual
4.2.0,reloc_array_contains_null_to_map_value_contains_null_nested,optionality_relocation,Nested,spark_equals_structurally_by_name_ci,Spark,DriftedAsFound,ReportsEqual
4.2.0,reloc_array_contains_null_to_map_value_contains_null_nested,optionality_relocation,Nested,spark_equals_structurally_by_name_ci,Spark,BaselineAsFound,ReportsEqual
4.2.0,reloc_array_contains_null_to_map_value_contains_null_nested,optionality_relocation,Nested,ctdc_rt_exact,CtdcRuntime,DriftedAsFound,ReportsEqual
4.2.0,reloc_array_contains_null_to_map_value_contains_null_nested,optionality_relocation,Nested,ctdc_rt_exact,CtdcRuntime,BaselineAsFound,ReportsEqual
4.2.0,reloc_array_contains_null_to_map_value_contains_null_nested,optionality_relocation,Nested,ctdc_rt_exact_unordered_ci,CtdcRuntime,DriftedAsFound,ReportsEqual
4.2.0,reloc_array_contains_null_to_map_value_contains_null_nested,optionality_relocation,Nested,ctdc_rt_exact_unordered_ci,CtdcRuntime,BaselineAsFound,ReportsEqual
4.2.0,reloc_array_contains_null_to_map_value_contains_null_nested,optionality_relocation,Nested,ctdc_rt_exact_ordered,CtdcRuntime,DriftedAsFound,ReportsEqual
4.2.0,reloc_array_contains_null_to_map_value_contains_null_nested,optionality_relocation,Nested,ctdc_rt_exact_ordered,CtdcRuntime,BaselineAsFound,ReportsEqual
4.2.0,reloc_array_contains_null_to_map_value_contains_null_nested,optionality_relocation,Nested,ctdc_rt_exact_by_position,CtdcRuntime,DriftedAsFound,ReportsEqual
4.2.0,reloc_array_contains_null_to_map_value_contains_null_nested,optionality_relocation,Nested,ctdc_rt_exact_by_position,CtdcRuntime,BaselineAsFound,ReportsEqual
4.2.0,reloc_array_contains_null_to_map_value_contains_null_nested,optionality_relocation,Nested,ctdc_rt_backward,CtdcRuntime,DriftedAsFound,ReportsEqual
4.2.0,reloc_array_contains_null_to_map_value_contains_null_nested,optionality_relocation,Nested,ctdc_rt_backward,CtdcRuntime,BaselineAsFound,ReportsEqual
4.2.0,reloc_array_contains_null_to_map_value_contains_null_nested,optionality_relocation,Nested,ctdc_rt_forward,CtdcRuntime,DriftedAsFound,ReportsEqual
4.2.0,reloc_array_contains_null_to_map_value_contains_null_nested,optionality_relocation,Nested,ctdc_rt_forward,CtdcRuntime,BaselineAsFound,ReportsEqual
4.2.0,reloc_array_contains_null_to_map_value_contains_null_nested,optionality_relocation,Nested,ctdc_engine_exact,CtdcPolicyEngine,DriftedAsFound,ReportsDifferent
4.2.0,reloc_array_contains_null_to_map_value_contains_null_nested,optionality_relocation,Nested,ctdc_engine_exact,CtdcPolicyEngine,BaselineAsFound,ReportsDifferent
4.2.0,reloc_array_contains_null_to_map_value_contains_null_nested,optionality_relocation,Nested,ctdc_engine_exact_unordered_ci,CtdcPolicyEngine,DriftedAsFound,ReportsDifferent
4.2.0,reloc_array_contains_null_to_map_value_contains_null_nested,optionality_relocation,Nested,ctdc_engine_exact_unordered_ci,CtdcPolicyEngine,BaselineAsFound,ReportsDifferent
4.2.0,reloc_array_contains_null_to_map_value_contains_null_nested,optionality_relocation,Nested,ctdc_engine_exact_ordered,CtdcPolicyEngine,DriftedAsFound,ReportsDifferent
4.2.0,reloc_array_contains_null_to_map_value_contains_null_nested,optionality_relocation,Nested,ctdc_engine_exact_ordered,CtdcPolicyEngine,BaselineAsFound,ReportsDifferent
4.2.0,reloc_array_contains_null_to_map_value_contains_null_nested,optionality_relocation,Nested,ctdc_engine_exact_by_position,CtdcPolicyEngine,DriftedAsFound,ReportsDifferent
4.2.0,reloc_array_contains_null_to_map_value_contains_null_nested,optionality_relocation,Nested,ctdc_engine_exact_by_position,CtdcPolicyEngine,BaselineAsFound,ReportsDifferent
4.2.0,reloc_array_contains_null_to_map_value_contains_null_nested,optionality_relocation,Nested,ctdc_engine_backward,CtdcPolicyEngine,DriftedAsFound,ReportsDifferent
4.2.0,reloc_array_contains_null_to_map_value_contains_null_nested,optionality_relocation,Nested,ctdc_engine_backward,CtdcPolicyEngine,BaselineAsFound,ReportsDifferent
4.2.0,reloc_array_contains_null_to_map_value_contains_null_nested,optionality_relocation,Nested,ctdc_engine_forward,CtdcPolicyEngine,DriftedAsFound,ReportsDifferent
4.2.0,reloc_array_contains_null_to_map_value_contains_null_nested,optionality_relocation,Nested,ctdc_engine_forward,CtdcPolicyEngine,BaselineAsFound,ReportsDifferent
4.2.0,reloc_array_contains_null_to_map_value_contains_null_nested,optionality_relocation,Nested,avro_reader_writer_resolution,AvroResolution,DriftedAsFound,ReportsDifferent
4.2.0,reloc_array_contains_null_to_map_value_contains_null_nested,optionality_relocation,Nested,avro_reader_writer_resolution,AvroResolution,BaselineAsFound,ReportsDifferent
4.2.0,control_identity_two_fields_root,identity_control,Root,spark_equals,Spark,DriftedAsFound,ReportsEqual
4.2.0,control_identity_two_fields_root,identity_control,Root,spark_equals,Spark,BaselineAsFound,ReportsEqual
4.2.0,control_identity_two_fields_root,identity_control,Root,spark_same_type,Spark,DriftedAsFound,ReportsEqual
4.2.0,control_identity_two_fields_root,identity_control,Root,spark_same_type,Spark,BaselineAsFound,ReportsEqual
4.2.0,control_identity_two_fields_root,identity_control,Root,spark_equals_ignore_nullability,Spark,DriftedAsFound,ReportsEqual
4.2.0,control_identity_two_fields_root,identity_control,Root,spark_equals_ignore_nullability,Spark,BaselineAsFound,ReportsEqual
4.2.0,control_identity_two_fields_root,identity_control,Root,spark_equals_ignore_case_and_nullability,Spark,DriftedAsFound,ReportsEqual
4.2.0,control_identity_two_fields_root,identity_control,Root,spark_equals_ignore_case_and_nullability,Spark,BaselineAsFound,ReportsEqual
4.2.0,control_identity_two_fields_root,identity_control,Root,spark_equals_ignore_compatible_nullability,Spark,DriftedAsFound,ReportsEqual
4.2.0,control_identity_two_fields_root,identity_control,Root,spark_equals_ignore_compatible_nullability,Spark,BaselineAsFound,ReportsEqual
4.2.0,control_identity_two_fields_root,identity_control,Root,spark_equals_ignore_name_and_compatible_nullability,Spark,DriftedAsFound,ReportsEqual
4.2.0,control_identity_two_fields_root,identity_control,Root,spark_equals_ignore_name_and_compatible_nullability,Spark,BaselineAsFound,ReportsEqual
4.2.0,control_identity_two_fields_root,identity_control,Root,spark_equals_structurally_strict,Spark,DriftedAsFound,ReportsEqual
4.2.0,control_identity_two_fields_root,identity_control,Root,spark_equals_structurally_strict,Spark,BaselineAsFound,ReportsEqual
4.2.0,control_identity_two_fields_root,identity_control,Root,spark_equals_structurally_ignore_nullability,Spark,DriftedAsFound,ReportsEqual
4.2.0,control_identity_two_fields_root,identity_control,Root,spark_equals_structurally_ignore_nullability,Spark,BaselineAsFound,ReportsEqual
4.2.0,control_identity_two_fields_root,identity_control,Root,spark_equals_structurally_by_name_cs,Spark,DriftedAsFound,ReportsEqual
4.2.0,control_identity_two_fields_root,identity_control,Root,spark_equals_structurally_by_name_cs,Spark,BaselineAsFound,ReportsEqual
4.2.0,control_identity_two_fields_root,identity_control,Root,spark_equals_structurally_by_name_ci,Spark,DriftedAsFound,ReportsEqual
4.2.0,control_identity_two_fields_root,identity_control,Root,spark_equals_structurally_by_name_ci,Spark,BaselineAsFound,ReportsEqual
4.2.0,control_identity_two_fields_root,identity_control,Root,ctdc_rt_exact,CtdcRuntime,DriftedAsFound,ReportsEqual
4.2.0,control_identity_two_fields_root,identity_control,Root,ctdc_rt_exact,CtdcRuntime,BaselineAsFound,ReportsEqual
4.2.0,control_identity_two_fields_root,identity_control,Root,ctdc_rt_exact_unordered_ci,CtdcRuntime,DriftedAsFound,ReportsEqual
4.2.0,control_identity_two_fields_root,identity_control,Root,ctdc_rt_exact_unordered_ci,CtdcRuntime,BaselineAsFound,ReportsEqual
4.2.0,control_identity_two_fields_root,identity_control,Root,ctdc_rt_exact_ordered,CtdcRuntime,DriftedAsFound,ReportsEqual
4.2.0,control_identity_two_fields_root,identity_control,Root,ctdc_rt_exact_ordered,CtdcRuntime,BaselineAsFound,ReportsEqual
4.2.0,control_identity_two_fields_root,identity_control,Root,ctdc_rt_exact_by_position,CtdcRuntime,DriftedAsFound,ReportsEqual
4.2.0,control_identity_two_fields_root,identity_control,Root,ctdc_rt_exact_by_position,CtdcRuntime,BaselineAsFound,ReportsEqual
4.2.0,control_identity_two_fields_root,identity_control,Root,ctdc_rt_backward,CtdcRuntime,DriftedAsFound,ReportsEqual
4.2.0,control_identity_two_fields_root,identity_control,Root,ctdc_rt_backward,CtdcRuntime,BaselineAsFound,ReportsEqual
4.2.0,control_identity_two_fields_root,identity_control,Root,ctdc_rt_forward,CtdcRuntime,DriftedAsFound,ReportsEqual
4.2.0,control_identity_two_fields_root,identity_control,Root,ctdc_rt_forward,CtdcRuntime,BaselineAsFound,ReportsEqual
4.2.0,control_identity_two_fields_root,identity_control,Root,ctdc_engine_exact,CtdcPolicyEngine,DriftedAsFound,ReportsEqual
4.2.0,control_identity_two_fields_root,identity_control,Root,ctdc_engine_exact,CtdcPolicyEngine,BaselineAsFound,ReportsEqual
4.2.0,control_identity_two_fields_root,identity_control,Root,ctdc_engine_exact_unordered_ci,CtdcPolicyEngine,DriftedAsFound,ReportsEqual
4.2.0,control_identity_two_fields_root,identity_control,Root,ctdc_engine_exact_unordered_ci,CtdcPolicyEngine,BaselineAsFound,ReportsEqual
4.2.0,control_identity_two_fields_root,identity_control,Root,ctdc_engine_exact_ordered,CtdcPolicyEngine,DriftedAsFound,ReportsEqual
4.2.0,control_identity_two_fields_root,identity_control,Root,ctdc_engine_exact_ordered,CtdcPolicyEngine,BaselineAsFound,ReportsEqual
4.2.0,control_identity_two_fields_root,identity_control,Root,ctdc_engine_exact_by_position,CtdcPolicyEngine,DriftedAsFound,ReportsEqual
4.2.0,control_identity_two_fields_root,identity_control,Root,ctdc_engine_exact_by_position,CtdcPolicyEngine,BaselineAsFound,ReportsEqual
4.2.0,control_identity_two_fields_root,identity_control,Root,ctdc_engine_backward,CtdcPolicyEngine,DriftedAsFound,ReportsEqual
4.2.0,control_identity_two_fields_root,identity_control,Root,ctdc_engine_backward,CtdcPolicyEngine,BaselineAsFound,ReportsEqual
4.2.0,control_identity_two_fields_root,identity_control,Root,ctdc_engine_forward,CtdcPolicyEngine,DriftedAsFound,ReportsEqual
4.2.0,control_identity_two_fields_root,identity_control,Root,ctdc_engine_forward,CtdcPolicyEngine,BaselineAsFound,ReportsEqual
4.2.0,control_identity_two_fields_root,identity_control,Root,avro_reader_writer_resolution,AvroResolution,DriftedAsFound,ReportsEqual
4.2.0,control_identity_two_fields_root,identity_control,Root,avro_reader_writer_resolution,AvroResolution,BaselineAsFound,ReportsEqual
4.2.0,control_identity_two_fields_nested,identity_control,Nested,spark_equals,Spark,DriftedAsFound,ReportsEqual
4.2.0,control_identity_two_fields_nested,identity_control,Nested,spark_equals,Spark,BaselineAsFound,ReportsEqual
4.2.0,control_identity_two_fields_nested,identity_control,Nested,spark_same_type,Spark,DriftedAsFound,ReportsEqual
4.2.0,control_identity_two_fields_nested,identity_control,Nested,spark_same_type,Spark,BaselineAsFound,ReportsEqual
4.2.0,control_identity_two_fields_nested,identity_control,Nested,spark_equals_ignore_nullability,Spark,DriftedAsFound,ReportsEqual
4.2.0,control_identity_two_fields_nested,identity_control,Nested,spark_equals_ignore_nullability,Spark,BaselineAsFound,ReportsEqual
4.2.0,control_identity_two_fields_nested,identity_control,Nested,spark_equals_ignore_case_and_nullability,Spark,DriftedAsFound,ReportsEqual
4.2.0,control_identity_two_fields_nested,identity_control,Nested,spark_equals_ignore_case_and_nullability,Spark,BaselineAsFound,ReportsEqual
4.2.0,control_identity_two_fields_nested,identity_control,Nested,spark_equals_ignore_compatible_nullability,Spark,DriftedAsFound,ReportsEqual
4.2.0,control_identity_two_fields_nested,identity_control,Nested,spark_equals_ignore_compatible_nullability,Spark,BaselineAsFound,ReportsEqual
4.2.0,control_identity_two_fields_nested,identity_control,Nested,spark_equals_ignore_name_and_compatible_nullability,Spark,DriftedAsFound,ReportsEqual
4.2.0,control_identity_two_fields_nested,identity_control,Nested,spark_equals_ignore_name_and_compatible_nullability,Spark,BaselineAsFound,ReportsEqual
4.2.0,control_identity_two_fields_nested,identity_control,Nested,spark_equals_structurally_strict,Spark,DriftedAsFound,ReportsEqual
4.2.0,control_identity_two_fields_nested,identity_control,Nested,spark_equals_structurally_strict,Spark,BaselineAsFound,ReportsEqual
4.2.0,control_identity_two_fields_nested,identity_control,Nested,spark_equals_structurally_ignore_nullability,Spark,DriftedAsFound,ReportsEqual
4.2.0,control_identity_two_fields_nested,identity_control,Nested,spark_equals_structurally_ignore_nullability,Spark,BaselineAsFound,ReportsEqual
4.2.0,control_identity_two_fields_nested,identity_control,Nested,spark_equals_structurally_by_name_cs,Spark,DriftedAsFound,ReportsEqual
4.2.0,control_identity_two_fields_nested,identity_control,Nested,spark_equals_structurally_by_name_cs,Spark,BaselineAsFound,ReportsEqual
4.2.0,control_identity_two_fields_nested,identity_control,Nested,spark_equals_structurally_by_name_ci,Spark,DriftedAsFound,ReportsEqual
4.2.0,control_identity_two_fields_nested,identity_control,Nested,spark_equals_structurally_by_name_ci,Spark,BaselineAsFound,ReportsEqual
4.2.0,control_identity_two_fields_nested,identity_control,Nested,ctdc_rt_exact,CtdcRuntime,DriftedAsFound,ReportsEqual
4.2.0,control_identity_two_fields_nested,identity_control,Nested,ctdc_rt_exact,CtdcRuntime,BaselineAsFound,ReportsEqual
4.2.0,control_identity_two_fields_nested,identity_control,Nested,ctdc_rt_exact_unordered_ci,CtdcRuntime,DriftedAsFound,ReportsEqual
4.2.0,control_identity_two_fields_nested,identity_control,Nested,ctdc_rt_exact_unordered_ci,CtdcRuntime,BaselineAsFound,ReportsEqual
4.2.0,control_identity_two_fields_nested,identity_control,Nested,ctdc_rt_exact_ordered,CtdcRuntime,DriftedAsFound,ReportsEqual
4.2.0,control_identity_two_fields_nested,identity_control,Nested,ctdc_rt_exact_ordered,CtdcRuntime,BaselineAsFound,ReportsEqual
4.2.0,control_identity_two_fields_nested,identity_control,Nested,ctdc_rt_exact_by_position,CtdcRuntime,DriftedAsFound,ReportsEqual
4.2.0,control_identity_two_fields_nested,identity_control,Nested,ctdc_rt_exact_by_position,CtdcRuntime,BaselineAsFound,ReportsEqual
4.2.0,control_identity_two_fields_nested,identity_control,Nested,ctdc_rt_backward,CtdcRuntime,DriftedAsFound,ReportsEqual
4.2.0,control_identity_two_fields_nested,identity_control,Nested,ctdc_rt_backward,CtdcRuntime,BaselineAsFound,ReportsEqual
4.2.0,control_identity_two_fields_nested,identity_control,Nested,ctdc_rt_forward,CtdcRuntime,DriftedAsFound,ReportsEqual
4.2.0,control_identity_two_fields_nested,identity_control,Nested,ctdc_rt_forward,CtdcRuntime,BaselineAsFound,ReportsEqual
4.2.0,control_identity_two_fields_nested,identity_control,Nested,ctdc_engine_exact,CtdcPolicyEngine,DriftedAsFound,ReportsEqual
4.2.0,control_identity_two_fields_nested,identity_control,Nested,ctdc_engine_exact,CtdcPolicyEngine,BaselineAsFound,ReportsEqual
4.2.0,control_identity_two_fields_nested,identity_control,Nested,ctdc_engine_exact_unordered_ci,CtdcPolicyEngine,DriftedAsFound,ReportsEqual
4.2.0,control_identity_two_fields_nested,identity_control,Nested,ctdc_engine_exact_unordered_ci,CtdcPolicyEngine,BaselineAsFound,ReportsEqual
4.2.0,control_identity_two_fields_nested,identity_control,Nested,ctdc_engine_exact_ordered,CtdcPolicyEngine,DriftedAsFound,ReportsEqual
4.2.0,control_identity_two_fields_nested,identity_control,Nested,ctdc_engine_exact_ordered,CtdcPolicyEngine,BaselineAsFound,ReportsEqual
4.2.0,control_identity_two_fields_nested,identity_control,Nested,ctdc_engine_exact_by_position,CtdcPolicyEngine,DriftedAsFound,ReportsEqual
4.2.0,control_identity_two_fields_nested,identity_control,Nested,ctdc_engine_exact_by_position,CtdcPolicyEngine,BaselineAsFound,ReportsEqual
4.2.0,control_identity_two_fields_nested,identity_control,Nested,ctdc_engine_backward,CtdcPolicyEngine,DriftedAsFound,ReportsEqual
4.2.0,control_identity_two_fields_nested,identity_control,Nested,ctdc_engine_backward,CtdcPolicyEngine,BaselineAsFound,ReportsEqual
4.2.0,control_identity_two_fields_nested,identity_control,Nested,ctdc_engine_forward,CtdcPolicyEngine,DriftedAsFound,ReportsEqual
4.2.0,control_identity_two_fields_nested,identity_control,Nested,ctdc_engine_forward,CtdcPolicyEngine,BaselineAsFound,ReportsEqual
4.2.0,control_identity_two_fields_nested,identity_control,Nested,avro_reader_writer_resolution,AvroResolution,DriftedAsFound,ReportsEqual
4.2.0,control_identity_two_fields_nested,identity_control,Nested,avro_reader_writer_resolution,AvroResolution,BaselineAsFound,ReportsEqual
4.2.0,control_identity_leaf_root,identity_control,Root,spark_equals,Spark,DriftedAsFound,ReportsEqual
4.2.0,control_identity_leaf_root,identity_control,Root,spark_equals,Spark,BaselineAsFound,ReportsEqual
4.2.0,control_identity_leaf_root,identity_control,Root,spark_same_type,Spark,DriftedAsFound,ReportsEqual
4.2.0,control_identity_leaf_root,identity_control,Root,spark_same_type,Spark,BaselineAsFound,ReportsEqual
4.2.0,control_identity_leaf_root,identity_control,Root,spark_equals_ignore_nullability,Spark,DriftedAsFound,ReportsEqual
4.2.0,control_identity_leaf_root,identity_control,Root,spark_equals_ignore_nullability,Spark,BaselineAsFound,ReportsEqual
4.2.0,control_identity_leaf_root,identity_control,Root,spark_equals_ignore_case_and_nullability,Spark,DriftedAsFound,ReportsEqual
4.2.0,control_identity_leaf_root,identity_control,Root,spark_equals_ignore_case_and_nullability,Spark,BaselineAsFound,ReportsEqual
4.2.0,control_identity_leaf_root,identity_control,Root,spark_equals_ignore_compatible_nullability,Spark,DriftedAsFound,ReportsEqual
4.2.0,control_identity_leaf_root,identity_control,Root,spark_equals_ignore_compatible_nullability,Spark,BaselineAsFound,ReportsEqual
4.2.0,control_identity_leaf_root,identity_control,Root,spark_equals_ignore_name_and_compatible_nullability,Spark,DriftedAsFound,ReportsEqual
4.2.0,control_identity_leaf_root,identity_control,Root,spark_equals_ignore_name_and_compatible_nullability,Spark,BaselineAsFound,ReportsEqual
4.2.0,control_identity_leaf_root,identity_control,Root,spark_equals_structurally_strict,Spark,DriftedAsFound,ReportsEqual
4.2.0,control_identity_leaf_root,identity_control,Root,spark_equals_structurally_strict,Spark,BaselineAsFound,ReportsEqual
4.2.0,control_identity_leaf_root,identity_control,Root,spark_equals_structurally_ignore_nullability,Spark,DriftedAsFound,ReportsEqual
4.2.0,control_identity_leaf_root,identity_control,Root,spark_equals_structurally_ignore_nullability,Spark,BaselineAsFound,ReportsEqual
4.2.0,control_identity_leaf_root,identity_control,Root,spark_equals_structurally_by_name_cs,Spark,DriftedAsFound,ReportsEqual
4.2.0,control_identity_leaf_root,identity_control,Root,spark_equals_structurally_by_name_cs,Spark,BaselineAsFound,ReportsEqual
4.2.0,control_identity_leaf_root,identity_control,Root,spark_equals_structurally_by_name_ci,Spark,DriftedAsFound,ReportsEqual
4.2.0,control_identity_leaf_root,identity_control,Root,spark_equals_structurally_by_name_ci,Spark,BaselineAsFound,ReportsEqual
4.2.0,control_identity_leaf_root,identity_control,Root,ctdc_rt_exact,CtdcRuntime,DriftedAsFound,ReportsEqual
4.2.0,control_identity_leaf_root,identity_control,Root,ctdc_rt_exact,CtdcRuntime,BaselineAsFound,ReportsEqual
4.2.0,control_identity_leaf_root,identity_control,Root,ctdc_rt_exact_unordered_ci,CtdcRuntime,DriftedAsFound,ReportsEqual
4.2.0,control_identity_leaf_root,identity_control,Root,ctdc_rt_exact_unordered_ci,CtdcRuntime,BaselineAsFound,ReportsEqual
4.2.0,control_identity_leaf_root,identity_control,Root,ctdc_rt_exact_ordered,CtdcRuntime,DriftedAsFound,ReportsEqual
4.2.0,control_identity_leaf_root,identity_control,Root,ctdc_rt_exact_ordered,CtdcRuntime,BaselineAsFound,ReportsEqual
4.2.0,control_identity_leaf_root,identity_control,Root,ctdc_rt_exact_by_position,CtdcRuntime,DriftedAsFound,ReportsEqual
4.2.0,control_identity_leaf_root,identity_control,Root,ctdc_rt_exact_by_position,CtdcRuntime,BaselineAsFound,ReportsEqual
4.2.0,control_identity_leaf_root,identity_control,Root,ctdc_rt_backward,CtdcRuntime,DriftedAsFound,ReportsEqual
4.2.0,control_identity_leaf_root,identity_control,Root,ctdc_rt_backward,CtdcRuntime,BaselineAsFound,ReportsEqual
4.2.0,control_identity_leaf_root,identity_control,Root,ctdc_rt_forward,CtdcRuntime,DriftedAsFound,ReportsEqual
4.2.0,control_identity_leaf_root,identity_control,Root,ctdc_rt_forward,CtdcRuntime,BaselineAsFound,ReportsEqual
4.2.0,control_identity_leaf_root,identity_control,Root,ctdc_engine_exact,CtdcPolicyEngine,DriftedAsFound,ReportsEqual
4.2.0,control_identity_leaf_root,identity_control,Root,ctdc_engine_exact,CtdcPolicyEngine,BaselineAsFound,ReportsEqual
4.2.0,control_identity_leaf_root,identity_control,Root,ctdc_engine_exact_unordered_ci,CtdcPolicyEngine,DriftedAsFound,ReportsEqual
4.2.0,control_identity_leaf_root,identity_control,Root,ctdc_engine_exact_unordered_ci,CtdcPolicyEngine,BaselineAsFound,ReportsEqual
4.2.0,control_identity_leaf_root,identity_control,Root,ctdc_engine_exact_ordered,CtdcPolicyEngine,DriftedAsFound,ReportsEqual
4.2.0,control_identity_leaf_root,identity_control,Root,ctdc_engine_exact_ordered,CtdcPolicyEngine,BaselineAsFound,ReportsEqual
4.2.0,control_identity_leaf_root,identity_control,Root,ctdc_engine_exact_by_position,CtdcPolicyEngine,DriftedAsFound,ReportsEqual
4.2.0,control_identity_leaf_root,identity_control,Root,ctdc_engine_exact_by_position,CtdcPolicyEngine,BaselineAsFound,ReportsEqual
4.2.0,control_identity_leaf_root,identity_control,Root,ctdc_engine_backward,CtdcPolicyEngine,DriftedAsFound,ReportsEqual
4.2.0,control_identity_leaf_root,identity_control,Root,ctdc_engine_backward,CtdcPolicyEngine,BaselineAsFound,ReportsEqual
4.2.0,control_identity_leaf_root,identity_control,Root,ctdc_engine_forward,CtdcPolicyEngine,DriftedAsFound,ReportsEqual
4.2.0,control_identity_leaf_root,identity_control,Root,ctdc_engine_forward,CtdcPolicyEngine,BaselineAsFound,ReportsEqual
4.2.0,control_identity_leaf_root,identity_control,Root,avro_reader_writer_resolution,AvroResolution,DriftedAsFound,ReportsEqual
4.2.0,control_identity_leaf_root,identity_control,Root,avro_reader_writer_resolution,AvroResolution,BaselineAsFound,ReportsEqual
4.2.0,control_identity_leaf_nested,identity_control,Nested,spark_equals,Spark,DriftedAsFound,ReportsEqual
4.2.0,control_identity_leaf_nested,identity_control,Nested,spark_equals,Spark,BaselineAsFound,ReportsEqual
4.2.0,control_identity_leaf_nested,identity_control,Nested,spark_same_type,Spark,DriftedAsFound,ReportsEqual
4.2.0,control_identity_leaf_nested,identity_control,Nested,spark_same_type,Spark,BaselineAsFound,ReportsEqual
4.2.0,control_identity_leaf_nested,identity_control,Nested,spark_equals_ignore_nullability,Spark,DriftedAsFound,ReportsEqual
4.2.0,control_identity_leaf_nested,identity_control,Nested,spark_equals_ignore_nullability,Spark,BaselineAsFound,ReportsEqual
4.2.0,control_identity_leaf_nested,identity_control,Nested,spark_equals_ignore_case_and_nullability,Spark,DriftedAsFound,ReportsEqual
4.2.0,control_identity_leaf_nested,identity_control,Nested,spark_equals_ignore_case_and_nullability,Spark,BaselineAsFound,ReportsEqual
4.2.0,control_identity_leaf_nested,identity_control,Nested,spark_equals_ignore_compatible_nullability,Spark,DriftedAsFound,ReportsEqual
4.2.0,control_identity_leaf_nested,identity_control,Nested,spark_equals_ignore_compatible_nullability,Spark,BaselineAsFound,ReportsEqual
4.2.0,control_identity_leaf_nested,identity_control,Nested,spark_equals_ignore_name_and_compatible_nullability,Spark,DriftedAsFound,ReportsEqual
4.2.0,control_identity_leaf_nested,identity_control,Nested,spark_equals_ignore_name_and_compatible_nullability,Spark,BaselineAsFound,ReportsEqual
4.2.0,control_identity_leaf_nested,identity_control,Nested,spark_equals_structurally_strict,Spark,DriftedAsFound,ReportsEqual
4.2.0,control_identity_leaf_nested,identity_control,Nested,spark_equals_structurally_strict,Spark,BaselineAsFound,ReportsEqual
4.2.0,control_identity_leaf_nested,identity_control,Nested,spark_equals_structurally_ignore_nullability,Spark,DriftedAsFound,ReportsEqual
4.2.0,control_identity_leaf_nested,identity_control,Nested,spark_equals_structurally_ignore_nullability,Spark,BaselineAsFound,ReportsEqual
4.2.0,control_identity_leaf_nested,identity_control,Nested,spark_equals_structurally_by_name_cs,Spark,DriftedAsFound,ReportsEqual
4.2.0,control_identity_leaf_nested,identity_control,Nested,spark_equals_structurally_by_name_cs,Spark,BaselineAsFound,ReportsEqual
4.2.0,control_identity_leaf_nested,identity_control,Nested,spark_equals_structurally_by_name_ci,Spark,DriftedAsFound,ReportsEqual
4.2.0,control_identity_leaf_nested,identity_control,Nested,spark_equals_structurally_by_name_ci,Spark,BaselineAsFound,ReportsEqual
4.2.0,control_identity_leaf_nested,identity_control,Nested,ctdc_rt_exact,CtdcRuntime,DriftedAsFound,ReportsEqual
4.2.0,control_identity_leaf_nested,identity_control,Nested,ctdc_rt_exact,CtdcRuntime,BaselineAsFound,ReportsEqual
4.2.0,control_identity_leaf_nested,identity_control,Nested,ctdc_rt_exact_unordered_ci,CtdcRuntime,DriftedAsFound,ReportsEqual
4.2.0,control_identity_leaf_nested,identity_control,Nested,ctdc_rt_exact_unordered_ci,CtdcRuntime,BaselineAsFound,ReportsEqual
4.2.0,control_identity_leaf_nested,identity_control,Nested,ctdc_rt_exact_ordered,CtdcRuntime,DriftedAsFound,ReportsEqual
4.2.0,control_identity_leaf_nested,identity_control,Nested,ctdc_rt_exact_ordered,CtdcRuntime,BaselineAsFound,ReportsEqual
4.2.0,control_identity_leaf_nested,identity_control,Nested,ctdc_rt_exact_by_position,CtdcRuntime,DriftedAsFound,ReportsEqual
4.2.0,control_identity_leaf_nested,identity_control,Nested,ctdc_rt_exact_by_position,CtdcRuntime,BaselineAsFound,ReportsEqual
4.2.0,control_identity_leaf_nested,identity_control,Nested,ctdc_rt_backward,CtdcRuntime,DriftedAsFound,ReportsEqual
4.2.0,control_identity_leaf_nested,identity_control,Nested,ctdc_rt_backward,CtdcRuntime,BaselineAsFound,ReportsEqual
4.2.0,control_identity_leaf_nested,identity_control,Nested,ctdc_rt_forward,CtdcRuntime,DriftedAsFound,ReportsEqual
4.2.0,control_identity_leaf_nested,identity_control,Nested,ctdc_rt_forward,CtdcRuntime,BaselineAsFound,ReportsEqual
4.2.0,control_identity_leaf_nested,identity_control,Nested,ctdc_engine_exact,CtdcPolicyEngine,DriftedAsFound,ReportsEqual
4.2.0,control_identity_leaf_nested,identity_control,Nested,ctdc_engine_exact,CtdcPolicyEngine,BaselineAsFound,ReportsEqual
4.2.0,control_identity_leaf_nested,identity_control,Nested,ctdc_engine_exact_unordered_ci,CtdcPolicyEngine,DriftedAsFound,ReportsEqual
4.2.0,control_identity_leaf_nested,identity_control,Nested,ctdc_engine_exact_unordered_ci,CtdcPolicyEngine,BaselineAsFound,ReportsEqual
4.2.0,control_identity_leaf_nested,identity_control,Nested,ctdc_engine_exact_ordered,CtdcPolicyEngine,DriftedAsFound,ReportsEqual
4.2.0,control_identity_leaf_nested,identity_control,Nested,ctdc_engine_exact_ordered,CtdcPolicyEngine,BaselineAsFound,ReportsEqual
4.2.0,control_identity_leaf_nested,identity_control,Nested,ctdc_engine_exact_by_position,CtdcPolicyEngine,DriftedAsFound,ReportsEqual
4.2.0,control_identity_leaf_nested,identity_control,Nested,ctdc_engine_exact_by_position,CtdcPolicyEngine,BaselineAsFound,ReportsEqual
4.2.0,control_identity_leaf_nested,identity_control,Nested,ctdc_engine_backward,CtdcPolicyEngine,DriftedAsFound,ReportsEqual
4.2.0,control_identity_leaf_nested,identity_control,Nested,ctdc_engine_backward,CtdcPolicyEngine,BaselineAsFound,ReportsEqual
4.2.0,control_identity_leaf_nested,identity_control,Nested,ctdc_engine_forward,CtdcPolicyEngine,DriftedAsFound,ReportsEqual
4.2.0,control_identity_leaf_nested,identity_control,Nested,ctdc_engine_forward,CtdcPolicyEngine,BaselineAsFound,ReportsEqual
4.2.0,control_identity_leaf_nested,identity_control,Nested,avro_reader_writer_resolution,AvroResolution,DriftedAsFound,ReportsEqual
4.2.0,control_identity_leaf_nested,identity_control,Nested,avro_reader_writer_resolution,AvroResolution,BaselineAsFound,ReportsEqual
4.2.0,control_identity_array_root,identity_control,Root,spark_equals,Spark,DriftedAsFound,ReportsEqual
4.2.0,control_identity_array_root,identity_control,Root,spark_equals,Spark,BaselineAsFound,ReportsEqual
4.2.0,control_identity_array_root,identity_control,Root,spark_same_type,Spark,DriftedAsFound,ReportsEqual
4.2.0,control_identity_array_root,identity_control,Root,spark_same_type,Spark,BaselineAsFound,ReportsEqual
4.2.0,control_identity_array_root,identity_control,Root,spark_equals_ignore_nullability,Spark,DriftedAsFound,ReportsEqual
4.2.0,control_identity_array_root,identity_control,Root,spark_equals_ignore_nullability,Spark,BaselineAsFound,ReportsEqual
4.2.0,control_identity_array_root,identity_control,Root,spark_equals_ignore_case_and_nullability,Spark,DriftedAsFound,ReportsEqual
4.2.0,control_identity_array_root,identity_control,Root,spark_equals_ignore_case_and_nullability,Spark,BaselineAsFound,ReportsEqual
4.2.0,control_identity_array_root,identity_control,Root,spark_equals_ignore_compatible_nullability,Spark,DriftedAsFound,ReportsEqual
4.2.0,control_identity_array_root,identity_control,Root,spark_equals_ignore_compatible_nullability,Spark,BaselineAsFound,ReportsEqual
4.2.0,control_identity_array_root,identity_control,Root,spark_equals_ignore_name_and_compatible_nullability,Spark,DriftedAsFound,ReportsEqual
4.2.0,control_identity_array_root,identity_control,Root,spark_equals_ignore_name_and_compatible_nullability,Spark,BaselineAsFound,ReportsEqual
4.2.0,control_identity_array_root,identity_control,Root,spark_equals_structurally_strict,Spark,DriftedAsFound,ReportsEqual
4.2.0,control_identity_array_root,identity_control,Root,spark_equals_structurally_strict,Spark,BaselineAsFound,ReportsEqual
4.2.0,control_identity_array_root,identity_control,Root,spark_equals_structurally_ignore_nullability,Spark,DriftedAsFound,ReportsEqual
4.2.0,control_identity_array_root,identity_control,Root,spark_equals_structurally_ignore_nullability,Spark,BaselineAsFound,ReportsEqual
4.2.0,control_identity_array_root,identity_control,Root,spark_equals_structurally_by_name_cs,Spark,DriftedAsFound,ReportsEqual
4.2.0,control_identity_array_root,identity_control,Root,spark_equals_structurally_by_name_cs,Spark,BaselineAsFound,ReportsEqual
4.2.0,control_identity_array_root,identity_control,Root,spark_equals_structurally_by_name_ci,Spark,DriftedAsFound,ReportsEqual
4.2.0,control_identity_array_root,identity_control,Root,spark_equals_structurally_by_name_ci,Spark,BaselineAsFound,ReportsEqual
4.2.0,control_identity_array_root,identity_control,Root,ctdc_rt_exact,CtdcRuntime,DriftedAsFound,ReportsEqual
4.2.0,control_identity_array_root,identity_control,Root,ctdc_rt_exact,CtdcRuntime,BaselineAsFound,ReportsEqual
4.2.0,control_identity_array_root,identity_control,Root,ctdc_rt_exact_unordered_ci,CtdcRuntime,DriftedAsFound,ReportsEqual
4.2.0,control_identity_array_root,identity_control,Root,ctdc_rt_exact_unordered_ci,CtdcRuntime,BaselineAsFound,ReportsEqual
4.2.0,control_identity_array_root,identity_control,Root,ctdc_rt_exact_ordered,CtdcRuntime,DriftedAsFound,ReportsEqual
4.2.0,control_identity_array_root,identity_control,Root,ctdc_rt_exact_ordered,CtdcRuntime,BaselineAsFound,ReportsEqual
4.2.0,control_identity_array_root,identity_control,Root,ctdc_rt_exact_by_position,CtdcRuntime,DriftedAsFound,ReportsEqual
4.2.0,control_identity_array_root,identity_control,Root,ctdc_rt_exact_by_position,CtdcRuntime,BaselineAsFound,ReportsEqual
4.2.0,control_identity_array_root,identity_control,Root,ctdc_rt_backward,CtdcRuntime,DriftedAsFound,ReportsEqual
4.2.0,control_identity_array_root,identity_control,Root,ctdc_rt_backward,CtdcRuntime,BaselineAsFound,ReportsEqual
4.2.0,control_identity_array_root,identity_control,Root,ctdc_rt_forward,CtdcRuntime,DriftedAsFound,ReportsEqual
4.2.0,control_identity_array_root,identity_control,Root,ctdc_rt_forward,CtdcRuntime,BaselineAsFound,ReportsEqual
4.2.0,control_identity_array_root,identity_control,Root,ctdc_engine_exact,CtdcPolicyEngine,DriftedAsFound,ReportsEqual
4.2.0,control_identity_array_root,identity_control,Root,ctdc_engine_exact,CtdcPolicyEngine,BaselineAsFound,ReportsEqual
4.2.0,control_identity_array_root,identity_control,Root,ctdc_engine_exact_unordered_ci,CtdcPolicyEngine,DriftedAsFound,ReportsEqual
4.2.0,control_identity_array_root,identity_control,Root,ctdc_engine_exact_unordered_ci,CtdcPolicyEngine,BaselineAsFound,ReportsEqual
4.2.0,control_identity_array_root,identity_control,Root,ctdc_engine_exact_ordered,CtdcPolicyEngine,DriftedAsFound,ReportsEqual
4.2.0,control_identity_array_root,identity_control,Root,ctdc_engine_exact_ordered,CtdcPolicyEngine,BaselineAsFound,ReportsEqual
4.2.0,control_identity_array_root,identity_control,Root,ctdc_engine_exact_by_position,CtdcPolicyEngine,DriftedAsFound,ReportsEqual
4.2.0,control_identity_array_root,identity_control,Root,ctdc_engine_exact_by_position,CtdcPolicyEngine,BaselineAsFound,ReportsEqual
4.2.0,control_identity_array_root,identity_control,Root,ctdc_engine_backward,CtdcPolicyEngine,DriftedAsFound,ReportsEqual
4.2.0,control_identity_array_root,identity_control,Root,ctdc_engine_backward,CtdcPolicyEngine,BaselineAsFound,ReportsEqual
4.2.0,control_identity_array_root,identity_control,Root,ctdc_engine_forward,CtdcPolicyEngine,DriftedAsFound,ReportsEqual
4.2.0,control_identity_array_root,identity_control,Root,ctdc_engine_forward,CtdcPolicyEngine,BaselineAsFound,ReportsEqual
4.2.0,control_identity_array_root,identity_control,Root,avro_reader_writer_resolution,AvroResolution,DriftedAsFound,ReportsEqual
4.2.0,control_identity_array_root,identity_control,Root,avro_reader_writer_resolution,AvroResolution,BaselineAsFound,ReportsEqual
4.2.0,control_identity_array_nested,identity_control,Nested,spark_equals,Spark,DriftedAsFound,ReportsEqual
4.2.0,control_identity_array_nested,identity_control,Nested,spark_equals,Spark,BaselineAsFound,ReportsEqual
4.2.0,control_identity_array_nested,identity_control,Nested,spark_same_type,Spark,DriftedAsFound,ReportsEqual
4.2.0,control_identity_array_nested,identity_control,Nested,spark_same_type,Spark,BaselineAsFound,ReportsEqual
4.2.0,control_identity_array_nested,identity_control,Nested,spark_equals_ignore_nullability,Spark,DriftedAsFound,ReportsEqual
4.2.0,control_identity_array_nested,identity_control,Nested,spark_equals_ignore_nullability,Spark,BaselineAsFound,ReportsEqual
4.2.0,control_identity_array_nested,identity_control,Nested,spark_equals_ignore_case_and_nullability,Spark,DriftedAsFound,ReportsEqual
4.2.0,control_identity_array_nested,identity_control,Nested,spark_equals_ignore_case_and_nullability,Spark,BaselineAsFound,ReportsEqual
4.2.0,control_identity_array_nested,identity_control,Nested,spark_equals_ignore_compatible_nullability,Spark,DriftedAsFound,ReportsEqual
4.2.0,control_identity_array_nested,identity_control,Nested,spark_equals_ignore_compatible_nullability,Spark,BaselineAsFound,ReportsEqual
4.2.0,control_identity_array_nested,identity_control,Nested,spark_equals_ignore_name_and_compatible_nullability,Spark,DriftedAsFound,ReportsEqual
4.2.0,control_identity_array_nested,identity_control,Nested,spark_equals_ignore_name_and_compatible_nullability,Spark,BaselineAsFound,ReportsEqual
4.2.0,control_identity_array_nested,identity_control,Nested,spark_equals_structurally_strict,Spark,DriftedAsFound,ReportsEqual
4.2.0,control_identity_array_nested,identity_control,Nested,spark_equals_structurally_strict,Spark,BaselineAsFound,ReportsEqual
4.2.0,control_identity_array_nested,identity_control,Nested,spark_equals_structurally_ignore_nullability,Spark,DriftedAsFound,ReportsEqual
4.2.0,control_identity_array_nested,identity_control,Nested,spark_equals_structurally_ignore_nullability,Spark,BaselineAsFound,ReportsEqual
4.2.0,control_identity_array_nested,identity_control,Nested,spark_equals_structurally_by_name_cs,Spark,DriftedAsFound,ReportsEqual
4.2.0,control_identity_array_nested,identity_control,Nested,spark_equals_structurally_by_name_cs,Spark,BaselineAsFound,ReportsEqual
4.2.0,control_identity_array_nested,identity_control,Nested,spark_equals_structurally_by_name_ci,Spark,DriftedAsFound,ReportsEqual
4.2.0,control_identity_array_nested,identity_control,Nested,spark_equals_structurally_by_name_ci,Spark,BaselineAsFound,ReportsEqual
4.2.0,control_identity_array_nested,identity_control,Nested,ctdc_rt_exact,CtdcRuntime,DriftedAsFound,ReportsEqual
4.2.0,control_identity_array_nested,identity_control,Nested,ctdc_rt_exact,CtdcRuntime,BaselineAsFound,ReportsEqual
4.2.0,control_identity_array_nested,identity_control,Nested,ctdc_rt_exact_unordered_ci,CtdcRuntime,DriftedAsFound,ReportsEqual
4.2.0,control_identity_array_nested,identity_control,Nested,ctdc_rt_exact_unordered_ci,CtdcRuntime,BaselineAsFound,ReportsEqual
4.2.0,control_identity_array_nested,identity_control,Nested,ctdc_rt_exact_ordered,CtdcRuntime,DriftedAsFound,ReportsEqual
4.2.0,control_identity_array_nested,identity_control,Nested,ctdc_rt_exact_ordered,CtdcRuntime,BaselineAsFound,ReportsEqual
4.2.0,control_identity_array_nested,identity_control,Nested,ctdc_rt_exact_by_position,CtdcRuntime,DriftedAsFound,ReportsEqual
4.2.0,control_identity_array_nested,identity_control,Nested,ctdc_rt_exact_by_position,CtdcRuntime,BaselineAsFound,ReportsEqual
4.2.0,control_identity_array_nested,identity_control,Nested,ctdc_rt_backward,CtdcRuntime,DriftedAsFound,ReportsEqual
4.2.0,control_identity_array_nested,identity_control,Nested,ctdc_rt_backward,CtdcRuntime,BaselineAsFound,ReportsEqual
4.2.0,control_identity_array_nested,identity_control,Nested,ctdc_rt_forward,CtdcRuntime,DriftedAsFound,ReportsEqual
4.2.0,control_identity_array_nested,identity_control,Nested,ctdc_rt_forward,CtdcRuntime,BaselineAsFound,ReportsEqual
4.2.0,control_identity_array_nested,identity_control,Nested,ctdc_engine_exact,CtdcPolicyEngine,DriftedAsFound,ReportsEqual
4.2.0,control_identity_array_nested,identity_control,Nested,ctdc_engine_exact,CtdcPolicyEngine,BaselineAsFound,ReportsEqual
4.2.0,control_identity_array_nested,identity_control,Nested,ctdc_engine_exact_unordered_ci,CtdcPolicyEngine,DriftedAsFound,ReportsEqual
4.2.0,control_identity_array_nested,identity_control,Nested,ctdc_engine_exact_unordered_ci,CtdcPolicyEngine,BaselineAsFound,ReportsEqual
4.2.0,control_identity_array_nested,identity_control,Nested,ctdc_engine_exact_ordered,CtdcPolicyEngine,DriftedAsFound,ReportsEqual
4.2.0,control_identity_array_nested,identity_control,Nested,ctdc_engine_exact_ordered,CtdcPolicyEngine,BaselineAsFound,ReportsEqual
4.2.0,control_identity_array_nested,identity_control,Nested,ctdc_engine_exact_by_position,CtdcPolicyEngine,DriftedAsFound,ReportsEqual
4.2.0,control_identity_array_nested,identity_control,Nested,ctdc_engine_exact_by_position,CtdcPolicyEngine,BaselineAsFound,ReportsEqual
4.2.0,control_identity_array_nested,identity_control,Nested,ctdc_engine_backward,CtdcPolicyEngine,DriftedAsFound,ReportsEqual
4.2.0,control_identity_array_nested,identity_control,Nested,ctdc_engine_backward,CtdcPolicyEngine,BaselineAsFound,ReportsEqual
4.2.0,control_identity_array_nested,identity_control,Nested,ctdc_engine_forward,CtdcPolicyEngine,DriftedAsFound,ReportsEqual
4.2.0,control_identity_array_nested,identity_control,Nested,ctdc_engine_forward,CtdcPolicyEngine,BaselineAsFound,ReportsEqual
4.2.0,control_identity_array_nested,identity_control,Nested,avro_reader_writer_resolution,AvroResolution,DriftedAsFound,ReportsEqual
4.2.0,control_identity_array_nested,identity_control,Nested,avro_reader_writer_resolution,AvroResolution,BaselineAsFound,ReportsEqual
4.2.0,control_identity_map_root,identity_control,Root,spark_equals,Spark,DriftedAsFound,ReportsEqual
4.2.0,control_identity_map_root,identity_control,Root,spark_equals,Spark,BaselineAsFound,ReportsEqual
4.2.0,control_identity_map_root,identity_control,Root,spark_same_type,Spark,DriftedAsFound,ReportsEqual
4.2.0,control_identity_map_root,identity_control,Root,spark_same_type,Spark,BaselineAsFound,ReportsEqual
4.2.0,control_identity_map_root,identity_control,Root,spark_equals_ignore_nullability,Spark,DriftedAsFound,ReportsEqual
4.2.0,control_identity_map_root,identity_control,Root,spark_equals_ignore_nullability,Spark,BaselineAsFound,ReportsEqual
4.2.0,control_identity_map_root,identity_control,Root,spark_equals_ignore_case_and_nullability,Spark,DriftedAsFound,ReportsEqual
4.2.0,control_identity_map_root,identity_control,Root,spark_equals_ignore_case_and_nullability,Spark,BaselineAsFound,ReportsEqual
4.2.0,control_identity_map_root,identity_control,Root,spark_equals_ignore_compatible_nullability,Spark,DriftedAsFound,ReportsEqual
4.2.0,control_identity_map_root,identity_control,Root,spark_equals_ignore_compatible_nullability,Spark,BaselineAsFound,ReportsEqual
4.2.0,control_identity_map_root,identity_control,Root,spark_equals_ignore_name_and_compatible_nullability,Spark,DriftedAsFound,ReportsEqual
4.2.0,control_identity_map_root,identity_control,Root,spark_equals_ignore_name_and_compatible_nullability,Spark,BaselineAsFound,ReportsEqual
4.2.0,control_identity_map_root,identity_control,Root,spark_equals_structurally_strict,Spark,DriftedAsFound,ReportsEqual
4.2.0,control_identity_map_root,identity_control,Root,spark_equals_structurally_strict,Spark,BaselineAsFound,ReportsEqual
4.2.0,control_identity_map_root,identity_control,Root,spark_equals_structurally_ignore_nullability,Spark,DriftedAsFound,ReportsEqual
4.2.0,control_identity_map_root,identity_control,Root,spark_equals_structurally_ignore_nullability,Spark,BaselineAsFound,ReportsEqual
4.2.0,control_identity_map_root,identity_control,Root,spark_equals_structurally_by_name_cs,Spark,DriftedAsFound,ReportsEqual
4.2.0,control_identity_map_root,identity_control,Root,spark_equals_structurally_by_name_cs,Spark,BaselineAsFound,ReportsEqual
4.2.0,control_identity_map_root,identity_control,Root,spark_equals_structurally_by_name_ci,Spark,DriftedAsFound,ReportsEqual
4.2.0,control_identity_map_root,identity_control,Root,spark_equals_structurally_by_name_ci,Spark,BaselineAsFound,ReportsEqual
4.2.0,control_identity_map_root,identity_control,Root,ctdc_rt_exact,CtdcRuntime,DriftedAsFound,ReportsEqual
4.2.0,control_identity_map_root,identity_control,Root,ctdc_rt_exact,CtdcRuntime,BaselineAsFound,ReportsEqual
4.2.0,control_identity_map_root,identity_control,Root,ctdc_rt_exact_unordered_ci,CtdcRuntime,DriftedAsFound,ReportsEqual
4.2.0,control_identity_map_root,identity_control,Root,ctdc_rt_exact_unordered_ci,CtdcRuntime,BaselineAsFound,ReportsEqual
4.2.0,control_identity_map_root,identity_control,Root,ctdc_rt_exact_ordered,CtdcRuntime,DriftedAsFound,ReportsEqual
4.2.0,control_identity_map_root,identity_control,Root,ctdc_rt_exact_ordered,CtdcRuntime,BaselineAsFound,ReportsEqual
4.2.0,control_identity_map_root,identity_control,Root,ctdc_rt_exact_by_position,CtdcRuntime,DriftedAsFound,ReportsEqual
4.2.0,control_identity_map_root,identity_control,Root,ctdc_rt_exact_by_position,CtdcRuntime,BaselineAsFound,ReportsEqual
4.2.0,control_identity_map_root,identity_control,Root,ctdc_rt_backward,CtdcRuntime,DriftedAsFound,ReportsEqual
4.2.0,control_identity_map_root,identity_control,Root,ctdc_rt_backward,CtdcRuntime,BaselineAsFound,ReportsEqual
4.2.0,control_identity_map_root,identity_control,Root,ctdc_rt_forward,CtdcRuntime,DriftedAsFound,ReportsEqual
4.2.0,control_identity_map_root,identity_control,Root,ctdc_rt_forward,CtdcRuntime,BaselineAsFound,ReportsEqual
4.2.0,control_identity_map_root,identity_control,Root,ctdc_engine_exact,CtdcPolicyEngine,DriftedAsFound,ReportsEqual
4.2.0,control_identity_map_root,identity_control,Root,ctdc_engine_exact,CtdcPolicyEngine,BaselineAsFound,ReportsEqual
4.2.0,control_identity_map_root,identity_control,Root,ctdc_engine_exact_unordered_ci,CtdcPolicyEngine,DriftedAsFound,ReportsEqual
4.2.0,control_identity_map_root,identity_control,Root,ctdc_engine_exact_unordered_ci,CtdcPolicyEngine,BaselineAsFound,ReportsEqual
4.2.0,control_identity_map_root,identity_control,Root,ctdc_engine_exact_ordered,CtdcPolicyEngine,DriftedAsFound,ReportsEqual
4.2.0,control_identity_map_root,identity_control,Root,ctdc_engine_exact_ordered,CtdcPolicyEngine,BaselineAsFound,ReportsEqual
4.2.0,control_identity_map_root,identity_control,Root,ctdc_engine_exact_by_position,CtdcPolicyEngine,DriftedAsFound,ReportsEqual
4.2.0,control_identity_map_root,identity_control,Root,ctdc_engine_exact_by_position,CtdcPolicyEngine,BaselineAsFound,ReportsEqual
4.2.0,control_identity_map_root,identity_control,Root,ctdc_engine_backward,CtdcPolicyEngine,DriftedAsFound,ReportsEqual
4.2.0,control_identity_map_root,identity_control,Root,ctdc_engine_backward,CtdcPolicyEngine,BaselineAsFound,ReportsEqual
4.2.0,control_identity_map_root,identity_control,Root,ctdc_engine_forward,CtdcPolicyEngine,DriftedAsFound,ReportsEqual
4.2.0,control_identity_map_root,identity_control,Root,ctdc_engine_forward,CtdcPolicyEngine,BaselineAsFound,ReportsEqual
4.2.0,control_identity_map_root,identity_control,Root,avro_reader_writer_resolution,AvroResolution,DriftedAsFound,ReportsEqual
4.2.0,control_identity_map_root,identity_control,Root,avro_reader_writer_resolution,AvroResolution,BaselineAsFound,ReportsEqual
4.2.0,control_identity_map_nested,identity_control,Nested,spark_equals,Spark,DriftedAsFound,ReportsEqual
4.2.0,control_identity_map_nested,identity_control,Nested,spark_equals,Spark,BaselineAsFound,ReportsEqual
4.2.0,control_identity_map_nested,identity_control,Nested,spark_same_type,Spark,DriftedAsFound,ReportsEqual
4.2.0,control_identity_map_nested,identity_control,Nested,spark_same_type,Spark,BaselineAsFound,ReportsEqual
4.2.0,control_identity_map_nested,identity_control,Nested,spark_equals_ignore_nullability,Spark,DriftedAsFound,ReportsEqual
4.2.0,control_identity_map_nested,identity_control,Nested,spark_equals_ignore_nullability,Spark,BaselineAsFound,ReportsEqual
4.2.0,control_identity_map_nested,identity_control,Nested,spark_equals_ignore_case_and_nullability,Spark,DriftedAsFound,ReportsEqual
4.2.0,control_identity_map_nested,identity_control,Nested,spark_equals_ignore_case_and_nullability,Spark,BaselineAsFound,ReportsEqual
4.2.0,control_identity_map_nested,identity_control,Nested,spark_equals_ignore_compatible_nullability,Spark,DriftedAsFound,ReportsEqual
4.2.0,control_identity_map_nested,identity_control,Nested,spark_equals_ignore_compatible_nullability,Spark,BaselineAsFound,ReportsEqual
4.2.0,control_identity_map_nested,identity_control,Nested,spark_equals_ignore_name_and_compatible_nullability,Spark,DriftedAsFound,ReportsEqual
4.2.0,control_identity_map_nested,identity_control,Nested,spark_equals_ignore_name_and_compatible_nullability,Spark,BaselineAsFound,ReportsEqual
4.2.0,control_identity_map_nested,identity_control,Nested,spark_equals_structurally_strict,Spark,DriftedAsFound,ReportsEqual
4.2.0,control_identity_map_nested,identity_control,Nested,spark_equals_structurally_strict,Spark,BaselineAsFound,ReportsEqual
4.2.0,control_identity_map_nested,identity_control,Nested,spark_equals_structurally_ignore_nullability,Spark,DriftedAsFound,ReportsEqual
4.2.0,control_identity_map_nested,identity_control,Nested,spark_equals_structurally_ignore_nullability,Spark,BaselineAsFound,ReportsEqual
4.2.0,control_identity_map_nested,identity_control,Nested,spark_equals_structurally_by_name_cs,Spark,DriftedAsFound,ReportsEqual
4.2.0,control_identity_map_nested,identity_control,Nested,spark_equals_structurally_by_name_cs,Spark,BaselineAsFound,ReportsEqual
4.2.0,control_identity_map_nested,identity_control,Nested,spark_equals_structurally_by_name_ci,Spark,DriftedAsFound,ReportsEqual
4.2.0,control_identity_map_nested,identity_control,Nested,spark_equals_structurally_by_name_ci,Spark,BaselineAsFound,ReportsEqual
4.2.0,control_identity_map_nested,identity_control,Nested,ctdc_rt_exact,CtdcRuntime,DriftedAsFound,ReportsEqual
4.2.0,control_identity_map_nested,identity_control,Nested,ctdc_rt_exact,CtdcRuntime,BaselineAsFound,ReportsEqual
4.2.0,control_identity_map_nested,identity_control,Nested,ctdc_rt_exact_unordered_ci,CtdcRuntime,DriftedAsFound,ReportsEqual
4.2.0,control_identity_map_nested,identity_control,Nested,ctdc_rt_exact_unordered_ci,CtdcRuntime,BaselineAsFound,ReportsEqual
4.2.0,control_identity_map_nested,identity_control,Nested,ctdc_rt_exact_ordered,CtdcRuntime,DriftedAsFound,ReportsEqual
4.2.0,control_identity_map_nested,identity_control,Nested,ctdc_rt_exact_ordered,CtdcRuntime,BaselineAsFound,ReportsEqual
4.2.0,control_identity_map_nested,identity_control,Nested,ctdc_rt_exact_by_position,CtdcRuntime,DriftedAsFound,ReportsEqual
4.2.0,control_identity_map_nested,identity_control,Nested,ctdc_rt_exact_by_position,CtdcRuntime,BaselineAsFound,ReportsEqual
4.2.0,control_identity_map_nested,identity_control,Nested,ctdc_rt_backward,CtdcRuntime,DriftedAsFound,ReportsEqual
4.2.0,control_identity_map_nested,identity_control,Nested,ctdc_rt_backward,CtdcRuntime,BaselineAsFound,ReportsEqual
4.2.0,control_identity_map_nested,identity_control,Nested,ctdc_rt_forward,CtdcRuntime,DriftedAsFound,ReportsEqual
4.2.0,control_identity_map_nested,identity_control,Nested,ctdc_rt_forward,CtdcRuntime,BaselineAsFound,ReportsEqual
4.2.0,control_identity_map_nested,identity_control,Nested,ctdc_engine_exact,CtdcPolicyEngine,DriftedAsFound,ReportsEqual
4.2.0,control_identity_map_nested,identity_control,Nested,ctdc_engine_exact,CtdcPolicyEngine,BaselineAsFound,ReportsEqual
4.2.0,control_identity_map_nested,identity_control,Nested,ctdc_engine_exact_unordered_ci,CtdcPolicyEngine,DriftedAsFound,ReportsEqual
4.2.0,control_identity_map_nested,identity_control,Nested,ctdc_engine_exact_unordered_ci,CtdcPolicyEngine,BaselineAsFound,ReportsEqual
4.2.0,control_identity_map_nested,identity_control,Nested,ctdc_engine_exact_ordered,CtdcPolicyEngine,DriftedAsFound,ReportsEqual
4.2.0,control_identity_map_nested,identity_control,Nested,ctdc_engine_exact_ordered,CtdcPolicyEngine,BaselineAsFound,ReportsEqual
4.2.0,control_identity_map_nested,identity_control,Nested,ctdc_engine_exact_by_position,CtdcPolicyEngine,DriftedAsFound,ReportsEqual
4.2.0,control_identity_map_nested,identity_control,Nested,ctdc_engine_exact_by_position,CtdcPolicyEngine,BaselineAsFound,ReportsEqual
4.2.0,control_identity_map_nested,identity_control,Nested,ctdc_engine_backward,CtdcPolicyEngine,DriftedAsFound,ReportsEqual
4.2.0,control_identity_map_nested,identity_control,Nested,ctdc_engine_backward,CtdcPolicyEngine,BaselineAsFound,ReportsEqual
4.2.0,control_identity_map_nested,identity_control,Nested,ctdc_engine_forward,CtdcPolicyEngine,DriftedAsFound,ReportsEqual
4.2.0,control_identity_map_nested,identity_control,Nested,ctdc_engine_forward,CtdcPolicyEngine,BaselineAsFound,ReportsEqual
4.2.0,control_identity_map_nested,identity_control,Nested,avro_reader_writer_resolution,AvroResolution,DriftedAsFound,ReportsEqual
4.2.0,control_identity_map_nested,identity_control,Nested,avro_reader_writer_resolution,AvroResolution,BaselineAsFound,ReportsEqual
